Workbook

Sheet GDSL
A1: PENJUALAN PRODAK YANG DIPROGAM BERDASARKAN PENCAPAIAN TOKO
A2: TAHUN 2026
A3: PRODUK | B3: G A N D A S I L | J3: TARGET | K3: PELUNASAN | M3: 46072
A4: TOKO | B4: CV. S U B U R M A K M U R - P O N O R O G O | J4: 10000
A5: TANGGAL | B5: No. SPB | C5: K E M A S A N | G5: Jumlah | H5: J U M L A H | J5: KURANG | K5: TANGGAL | L5: TEMPO
C6: B 100 | D6: B 500 | E6: D 100 | F6: D 500 | G6: Kg | H6: RUPIAH | I6: DUS | J6: DUS | L6: HARI
A7: berlaku | B7: 45931 | C7: 1330668 | D7: 1038960 | E7: 1198800 | F7: 932400 | I7: 0.95
A8: 46044 | B8: 24326 | C8: 0 | D8: 300 | E8: 0 | F8: 200 | G8: =C8*14.4+D8*12+E8*14.4+F8*12 -> 6000 | H8: =(C8*C$7+D8*D$7+E8*E$7+F8*F$7)*I$7 -> 473259600 | I8: =C8+D8+E8+F8 -> 500 | J8: =J4-I8 -> 9500 | K8: ='[1]Area 2'!$D$11 -> 46071 | L8: =K8-A8 -> 27
A9: 46081 | B9: 24338 | C9: 150 | D9: 300 | E9: 0 | F9: 100 | G9: =C9*14.4+D9*12+E9*14.4+F9*12 -> 6960 | H9: =(C9*C$7+D9*D$7+E9*E$7+F9*F$7)*I$7 -> 574301790 | I9: =C9+D9+E9+F9 -> 550 | J9: =J8-I9 -> 8950 | K9: ='[1]Area 2'!$D$14 -> 0 | L9: =K9-A9 -> -46081
G10: =C10*14.4+D10*12+E10*14.4+F10*12 -> 0 | H10: =(C10*C$7+D10*D$7+E10*E$7+F10*F$7)*I$7 -> 0 | I10: =C10+D10+E10+F10 -> 0 | J10: =J9-I10 -> 8950 | L10: =K10-A10 -> 0
G11: =C11*14.4+D11*12+E11*14.4+F11*12 -> 0 | H11: =(C11*C$7+D11*D$7+E11*E$7+F11*F$7)*I$7 -> 0 | I11: =C11+D11+E11+F11 -> 0 | J11: =J10-I11 -> 8950 | L11: =K11-A11 -> 0
G12: =C12*14.4+D12*12+E12*14.4+F12*12 -> 0 | H12: =(C12*C$7+D12*D$7+E12*E$7+F12*F$7)*I$7 -> 0 | I12: =C12+D12+E12+F12 -> 0 | J12: =J11-I12 -> 8950 | L12: =K12-A12 -> 0
G13: =C13*14.4+D13*12+E13*14.4+F13*12 -> 0 | H13: =(C13*C$7+D13*D$7+E13*E$7+F13*F$7)*I$7 -> 0 | I13: =C13+D13+E13+F13 -> 0 | J13: =J12-I13 -> 8950 | L13: =K13-A13 -> 0
G14: =C14*14.4+D14*12+E14*14.4+F14*12 -> 0 | H14: =(C14*C$7+D14*D$7+E14*E$7+F14*F$7)*I$7 -> 0 | I14: =C14+D14+E14+F14 -> 0 | J14: =J13-I14 -> 8950 | L14: =K14-A14 -> 0
G15: =C15*14.4+D15*12+E15*14.4+F15*12 -> 0 | H15: =(C15*C$7+D15*D$7+E15*E$7+F15*F$7)*I$7 -> 0 | I15: =C15+D15+E15+F15 -> 0 | J15: =J14-I15 -> 8950 | L15: =K15-A15 -> 0
G16: =C16*14.4+D16*12+E16*14.4+F16*12 -> 0 | H16: =(C16*C$7+D16*D$7+E16*E$7+F16*F$7)*I$7 -> 0 | I16: =C16+D16+E16+F16 -> 0 | J16: =J15-I16 -> 8950 | L16: =K16-A16 -> 0
G17: =C17*14.4+D17*12+E17*14.4+F17*12 -> 0 | H17: =(C17*C$7+D17*D$7+E17*E$7+F17*F$7)*I$7 -> 0 | I17: =C17+D17+E17+F17 -> 0 | J17: =J16-I17 -> 8950 | L17: =K17-A17 -> 0
G18: =C18*14.4+D18*12+E18*14.4+F18*12 -> 0 | H18: =(C18*C$7+D18*D$7+E18*E$7+F18*F$7)*I$7 -> 0 | I18: =C18+D18+E18+F18 -> 0 | J18: =J17-I18 -> 8950 | L18: =K18-A18 -> 0
G19: =C19*14.4+D19*12+E19*14.4+F19*12 -> 0 | H19: =(C19*C$7+D19*D$7+E19*E$7+F19*F$7)*I$7 -> 0 | I19: =C19+D19+E19+F19 -> 0 | J19: =J18-I19 -> 8950 | L19: =K19-A19 -> 0
G20: =C20*14.4+D20*12+E20*14.4+F20*12 -> 0 | H20: =(C20*C$7+D20*D$7+E20*E$7+F20*F$7)*I$7 -> 0 | I20: =C20+D20+E20+F20 -> 0 | J20: =J19-I20 -> 8950 | L20: =K20-A20 -> 0
G21: =C21*14.4+D21*12+E21*14.4+F21*12 -> 0 | H21: =(C21*C$7+D21*D$7+E21*E$7+F21*F$7)*I$7 -> 0 | I21: =C21+D21+E21+F21 -> 0 | J21: =J20-I21 -> 8950 | L21: =K21-A21 -> 0
... G32: =C32*14.4+D32*12+E32*14.4+F32*12 -> 0 | H32: =(C32*C$7+D32*D$7+E32*E$7+F32*F$7)*I$7 -> 0 | I32: =C32+D32+E32+F32 -> 0 | J32: =J31-I32 -> 8950 | L32: =K32-A32 -> 0
A33: Jumlah | C33: =SUM(C8:C32) -> 150 | D33: =SUM(D7:D32) -> 1039560 | E33: =SUM(E8:E32) -> 0 | F33: =SUM(F8:F32) -> 300 | G33: =SUM(G8:G32) -> 12960 | H33: =SUM(H8:H32) -> 1047561390 | I33: =SUM(I7:I32) -> 1050.95 | J33: =J4-I33 -> 8949.05
A34: Total Jumlah Dus | C34: =SUM(D33) -> 1039560 | H34: Capai % | I34: =I33/J4% -> 10.5095 | J34: =J33/J4% -> 89.4905
A36: PRODUK | B36: G A N D A S I L | J36: TARGET | K36: PELUNASAN | M36: 46057
A37: TOKO | B37: PT. M A H A T M A A G R O - N G A N J U K | J37: 5000
A38: TANGGAL | B38: No. SPB | C38: K E M A S A N | G38: Jumlah | H38: J U M L A H | J38: KURANG | K38: TANGGAL | L38: TEMPO
C39: B 100 | D39: B 500 | E39: D 100 | F39: D 500 | G39: Kg | H39: RUPIAH | I39: DUS | J39: DUS | L39: HARI
A40: berlaku | B40: 45931 | C40: 1330668 | D40: 1038960 | E40: 1198800 | F40: 932400 | I40: 0.96
A41: 46036 | B41: 24324 | C41: 50 | D41: 200 | E41: 100 | F41: 150 | G41: =C41*14.4+D41*12+E41*14.4+F41*12 -> 6360 | H41: =(C41*C$40+D41*D$40+E41*E$40+F41*F$40)*I$40 -> 512702784 | I41: =C41+D41+E41+F41 -> 500 | J41: =J37-I41 -> 4500 | L41: =K41-A41 -> -46036
G42: =C42*14.4+D42*12+E42*14.4+F42*12 -> 0 | H42: =(C42*C$40+D42*D$40+E42*E$40+F42*F$40)*I$40 -> 0 | I42: =C42+D42+E42+F42 -> 0 | J42: =J41-I42 -> 4500 | L42: =K42-A42 -> 0
G43: =C43*14.4+D43*12+E43*14.4+F43*12 -> 0 | H43: =(C43*C$40+D43*D$40+E43*E$40+F43*F$40)*I$40 -> 0 | I43: =C43+D43+E43+F43 -> 0 | J43: =J42-I43 -> 4500 | L43: =K43-A43 -> 0
G44: =C44*14.4+D44*12+E44*14.4+F44*12 -> 0 | H44: =(C44*C$40+D44*D$40+E44*E$40+F44*F$40)*I$40 -> 0 | I44: =C44+D44+E44+F44 -> 0 | J44: =J43-I44 -> 4500 | L44: =K44-A44 -> 0
G45: =C45*14.4+D45*12+E45*14.4+F45*12 -> 0 | H45: =(C45*C$40+D45*D$40+E45*E$40+F45*F$40)*I$40 -> 0 | I45: =C45+D45+E45+F45 -> 0 | J45: =J44-I45 -> 4500 | L45: =K45-A45 -> 0
G46: =C46*14.4+D46*12+E46*14.4+F46*12 -> 0 | H46: =(C46*C$40+D46*D$40+E46*E$40+F46*F$40)*I$40 -> 0 | I46: =C46+D46+E46+F46 -> 0 | J46: =J45-I46 -> 4500 | L46: =K46-A46 -> 0
G47: =C47*14.4+D47*12+E47*14.4+F47*12 -> 0 | H47: =(C47*C$40+D47*D$40+E47*E$40+F47*F$40)*I$40 -> 0 | I47: =C47+D47+E47+F47 -> 0 | J47: =J46-I47 -> 4500 | L47: =K47-A47 -> 0
G48: =C48*14.4+D48*12+E48*14.4+F48*12 -> 0 | H48: =(C48*C$40+D48*D$40+E48*E$40+F48*F$40)*I$40 -> 0 | I48: =C48+D48+E48+F48 -> 0 | J48: =J47-I48 -> 4500 | L48: =K48-A48 -> 0
G49: =C49*14.4+D49*12+E49*14.4+F49*12 -> 0 | H49: =(C49*C$40+D49*D$40+E49*E$40+F49*F$40)*I$40 -> 0 | I49: =C49+D49+E49+F49 -> 0 | J49: =J48-I49 -> 4500 | L49: =K49-A49 -> 0
G50: =C50*14.4+D50*12+E50*14.4+F50*12 -> 0 | H50: =(C50*C$40+D50*D$40+E50*E$40+F50*F$40)*I$40 -> 0 | I50: =C50+D50+E50+F50 -> 0 | J50: =J49-I50 -> 4500 | L50: =K50-A50 -> 0
G51: =C51*14.4+D51*12+E51*14.4+F51*12 -> 0 | H51: =(C51*C$40+D51*D$40+E51*E$40+F51*F$40)*I$40 -> 0 | I51: =C51+D51+E51+F51 -> 0 | J51: =J50-I51 -> 4500 | L51: =K51-A51 -> 0
G52: =C52*14.4+D52*12+E52*14.4+F52*12 -> 0 | H52: =(C52*C$40+D52*D$40+E52*E$40+F52*F$40)*I$40 -> 0 | I52: =C52+D52+E52+F52 -> 0 | J52: =J51-I52 -> 4500 | L52: =K52-A52 -> 0
A53: Jumlah | C53: =SUM(C41:C52) -> 50 | D53: =SUM(D41:D52) -> 200 | E53: =SUM(E41:E52) -> 100 | F53: =SUM(F41:F52) -> 150 | G53: =SUM(G41:G52) -> 6360 | H53: =SUM(H41:H52) -> 512702784 | I53: =SUM(I41:I52) -> 500 | J53: =J37-I53 -> 4500
A54: Total Jumlah Dus | C54: =SUM(C53:F53) -> 500 | H54: Capai % | I54: =I53/J37% -> 10 | J54: =J53/J37% -> 90
A57: PRODUK | B57: G A N D A S I L | J57: TARGET | K57: PELUNASAN | M57: 46077
A58: TOKO | B58: PT. S U M B E R M A K M U R AGROINDO - J O M B A N G | J58: 7000
A59: TANGGAL | B59: No. SPB | C59: K E M A S A N | G59: Jumlah | H59: J U M L A H | J59: KURANG | K59: TANGGAL | L59: TEMPO
C60: B 100 | D60: B 500 | E60: D 100 | F60: D 500 | G60: Kg | H60: RUPIAH | I60: DUS | J60: DUS | L60: HARI
A61: berlaku | B61: 45931 | C61: 1330668 | D61: 1038960 | E61: 1198800 | F61: 932400 | I61: 0.96
A62: 46039 | B62: 24325 | C62: 100 | D62: 150 | E62: 100 | F62: 150 | G62: =C62*14.4+D62*12+E62*14.4+F62*12 -> 6480 | H62: =(C62*C$61+D62*D$61+E62*E$61+F62*F$61)*I$61 -> 526704768 | I62: =C62+D62+E62+F62 -> 500 | J62: =J58-I62 -> 6500 | K62: ='[1]Area I '!$D$12 -> 46071 | L62: =K62-A62 -> 32
A63: 46064 | B63: 24332 | C63: 50 | D63: 250 | E63: 50 | F63: 150 | G63: =C63*14.4+D63*12+E63*14.4+F63*12 -> 6240 | H63: =(C63*C$61+D63*D$61+E63*E$61+F63*F$61)*I$61 -> 505030464 | I63: =C63+D63+E63+F63 -> 500 | J63: =J62-I63 -> 6000 | K63: ='[1]Area I '!$D$14 -> 46093 | L63: =K63-A63 -> 29
A64: 46081 | B64: 24337 | C64: 50 | D64: 250 | E64: 50 | F64: 150 | G64: =C64*14.4+D64*12+E64*14.4+F64*12 -> 6240 | H64: =(C64*C$61+D64*D$61+E64*E$61+F64*F$61)*I$61 -> 505030464 | I64: =C64+D64+E64+F64 -> 500 | J64: =J63-I64 -> 5500 | K64: ='[1]Area I '!$D$16 -> 0 | L64: =K64-A64 -> -46081
G65: =C65*14.4+D65*12+E65*14.4+F65*12 -> 0 | H65: =(C65*C$61+D65*D$61+E65*E$61+F65*F$61)*I$61 -> 0 | I65: =C65+D65+E65+F65 -> 0 | J65: =J64-I65 -> 5500 | L65: =K65-A65 -> 0
G66: =C66*14.4+D66*12+E66*14.4+F66*12 -> 0 | H66: =(C66*C$61+D66*D$61+E66*E$61+F66*F$61)*I$61 -> 0 | I66: =C66+D66+E66+F66 -> 0 | J66: =J65-I66 -> 5500 | L66: =K66-A66 -> 0
G67: =C67*14.4+D67*12+E67*14.4+F67*12 -> 0 | H67: =(C67*C$61+D67*D$61+E67*E$61+F67*F$61)*I$61 -> 0 | I67: =C67+D67+E67+F67 -> 0 | J67: =J66-I67 -> 5500 | L67: =K67-A67 -> 0
G68: =C68*14.4+D68*12+E68*14.4+F68*12 -> 0 | H68: =(C68*C$61+D68*D$61+E68*E$61+F68*F$61)*I$61 -> 0 | I68: =C68+D68+E68+F68 -> 0 | J68: =J67-I68 -> 5500 | L68: =K68-A68 -> 0
G69: =C69*14.4+D69*12+E69*14.4+F69*12 -> 0 | H69: =(C69*C$61+D69*D$61+E69*E$61+F69*F$61)*I$61 -> 0 | I69: =C69+D69+E69+F69 -> 0 | J69: =J68-I69 -> 5500 | L69: =K69-A69 -> 0
G70: =C70*14.4+D70*12+E70*14.4+F70*12 -> 0 | H70: =(C70*C$61+D70*D$61+E70*E$61+F70*F$61)*I$61 -> 0 | I70: =C70+D70+E70+F70 -> 0 | J70: =J69-I70 -> 5500 | L70: =K70-A70 -> 0
G71: =C71*14.4+D71*12+E71*14.4+F71*12 -> 0 | H71: =(C71*C$61+D71*D$61+E71*E$61+F71*F$61)*I$61 -> 0 | I71: =C71+D71+E71+F71 -> 0 | J71: =J70-I71 -> 5500 | L71: =K71-A71 -> 0
G72: =C72*14.4+D72*12+E72*14.4+F72*12 -> 0 | H72: =(C72*C$61+D72*D$61+E72*E$61+F72*F$61)*I$61 -> 0 | I72: =C72+D72+E72+F72 -> 0 | J72: =J71-I72 -> 5500 | L72: =K72-A72 -> 0
G73: =C73*14.4+D73*12+E73*14.4+F73*12 -> 0 | H73: =(C73*C$61+D73*D$61+E73*E$61+F73*F$61)*I$61 -> 0 | I73: =C73+D73+E73+F73 -> 0 | J73: =J72-I73 -> 5500 | L73: =K73-A73 -> 0
G74: =C74*14.4+D74*12+E74*14.4+F74*12 -> 0 | H74: =(C74*C$61+D74*D$61+E74*E$61+F74*F$61)*I$61 -> 0 | I74: =C74+D74+E74+F74 -> 0 | J74: =J73-I74 -> 5500 | L74: =K74-A74 -> 0
G75: =C75*14.4+D75*12+E75*14.4+F75*12 -> 0 | H75: =(C75*C$61+D75*D$61+E75*E$61+F75*F$61)*I$61 -> 0 | I75: =C75+D75+E75+F75 -> 0 | J75: =J74-I75 -> 5500 | L75: =K75-A75 -> 0
G76: =C76*14.4+D76*12+E76*14.4+F76*12 -> 0 | H76: =(C76*C$61+D76*D$61+E76*E$61+F76*F$61)*I$61 -> 0 | I76: =C76+D76+E76+F76 -> 0 | J76: =J75-I76 -> 5500 | L76: =K76-A76 -> 0
G77: =C77*14.4+D77*12+E77*14.4+F77*12 -> 0 | H77: =(C77*C$61+D77*D$61+E77*E$61+F77*F$61)*I$61 -> 0 | I77: =C77+D77+E77+F77 -> 0 | J77: =J76-I77 -> 5500 | L77: =K77-A77 -> 0
A78: Jumlah | C78: =SUM(C62:C77) -> 200 | D78: =SUM(D62:D77) -> 650 | E78: =SUM(E62:E77) -> 200 | F78: =SUM(F62:F77) -> 450 | G78: =SUM(G62:G77) -> 18960 | H78: =SUM(H62:H77) -> 1536765696 | I78: =SUM(I62:I77) -> 1500 | J78: =J58-I78 -> 5500
A79: Total Jumlah Dus | C79: =SUM(C78:F78) -> 1500 | H79: Capai % | I79: =I78/J58% -> 21.428571 | J79: =J78/J58% -> 78.571429
A82: PRODUK | B82: G A N D A S I L | J82: TARGET | K82: PELUNASAN | M82: 46062
A83: TOKO | B83: PT. K A R I S M A I N D O A G R O - J E M B E R | J83: 55000
A84: TANGGAL | B84: No. SPB | C84: K E M A S A N | G84: Jumlah | H84: J U M L A H | J84: KURANG | K84: TANGGAL | L84: TEMPO
C85: B 100 | D85: B 500 | E85: D 100 | F85: D 500 | G85: Kg | H85: RUPIAH | I85: DUS | J85: DUS | L85: HARI
A86: berlaku | B86: 45931 | C86: 1330668 | D86: 1038960 | E86: 1198800 | F86: 932400 | I86: 0.94
A87: 46034 | B87: 24277 | C87: 0 | D87: 0 | E87: 0 | F87: 1000 | G87: =C87*14.4+D87*12+E87*14.4+F87*12 -> 12000 | H87: =(C87*C$86+D87*D$86+E87*E$86+F87*F$86)*I$86 -> 876456000 | I87: =C87+D87+E87+F87 -> 1000 | J87: =J83-I87 -> 54000 | K87: ='[1]Area 3'!$D$11 -> 46063 | L87: =K87-A87 -> 29
A88: 46038 | B88: 24279 | C88: 500 | D88: 1000 | E88: 0 | F88: 500 | G88: =C88*14.4+D88*12+E88*14.4+F88*12 -> 25200 | H88: =(C88*C$86+D88*D$86+E88*E$86+F88*F$86)*I$86 -> 2040264360 | I88: =C88+D88+E88+F88 -> 2000 | J88: =J87-I88 -> 52000 | K88: ='[1]Area 3'!$D$13 -> 46065 | L88: =K88-A88 -> 27
A89: 46055 | B89: 24281 | C89: 500 | D89: 1000 | E89: 0 | F89: 500 | G89: =C89*14.4+D89*12+E89*14.4+F89*12 -> 25200 | H89: =(C89*C$86+D89*D$86+E89*E$86+F89*F$86)*I$86 -> 2040264360 | I89: =C89+D89+E89+F89 -> 2000 | J89: =J88-I89 -> 50000 | K89: ='[1]Area 3'!$D$14 -> 46084 | L89: =K89-A89 -> 29
A90: 46066 | B90: 24288 | C90: 250 | D90: 500 | E90: 750 | F90: 500 | G90: =C90*14.4+D90*12+E90*14.4+F90*12 -> 26400 | H90: =(C90*C$86+D90*D$86+E90*E$86+F90*F$86)*I$86 -> 2084400180 | I90: =C90+D90+E90+F90 -> 2000 | J90: =J89-I90 -> 48000 | K90: ='[1]Area 3'!$D$16 -> 46093 | L90: =K90-A90 -> 27
A91: 46087 | B91: 24295 | C91: 0 | D91: 1000 | E91: 0 | F91: 1000 | G91: =C91*14.4+D91*12+E91*14.4+F91*12 -> 24000 | H91: =(C91*C$86+D91*D$86+E91*E$86+F91*F$86)*I$86 -> 1853078400 | I91: =C91+D91+E91+F91 -> 2000 | J91: =J90-I91 -> 46000 | K91: ='[1]Area 3'!$D$18 -> 0 | L91: =K91-A91 -> -46087
G92: =C92*14.4+D92*12+E92*14.4+F92*12 -> 0 | H92: =(C92*C$86+D92*D$86+E92*E$86+F92*F$86)*I$86 -> 0 | I92: =C92+D92+E92+F92 -> 0 | J92: =J91-I92 -> 46000 | L92: =K92-A92 -> 0
G93: =C93*14.4+D93*12+E93*14.4+F93*12 -> 0 | H93: =(C93*C$86+D93*D$86+E93*E$86+F93*F$86)*I$86 -> 0 | I93: =C93+D93+E93+F93 -> 0 | J93: =J92-I93 -> 46000 | L93: =K93-A93 -> 0
G94: =C94*14.4+D94*12+E94*14.4+F94*12 -> 0 | H94: =(C94*C$86+D94*D$86+E94*E$86+F94*F$86)*I$86 -> 0 | I94: =C94+D94+E94+F94 -> 0 | J94: =J93-I94 -> 46000 | L94: =K94-A94 -> 0
G95: =C95*14.4+D95*12+E95*14.4+F95*12 -> 0 | H95: =(C95*C$86+D95*D$86+E95*E$86+F95*F$86)*I$86 -> 0 | I95: =C95+D95+E95+F95 -> 0 | J95: =J94-I95 -> 46000 | L95: =K95-A95 -> 0
G96: =C96*14.4+D96*12+E96*14.4+F96*12 -> 0 | H96: =(C96*C$86+D96*D$86+E96*E$86+F96*F$86)*I$86 -> 0 | I96: =C96+D96+E96+F96 -> 0 | J96: =J95-I96 -> 46000 | L96: =K96-A96 -> 0
G97: =C97*14.4+D97*12+E97*14.4+F97*12 -> 0 | H97: =(C97*C$86+D97*D$86+E97*E$86+F97*F$86)*I$86 -> 0 | I97: =C97+D97+E97+F97 -> 0 | J97: =J96-I97 -> 46000 | L97: =K97-A97 -> 0
G98: =C98*14.4+D98*12+E98*14.4+F98*12 -> 0 | H98: =(C98*C$86+D98*D$86+E98*E$86+F98*F$86)*I$86 -> 0 | I98: =C98+D98+E98+F98 -> 0 | J98: =J97-I98 -> 46000 | L98: =K98-A98 -> 0
G99: =C99*14.4+D99*12+E99*14.4+F99*12 -> 0 | H99: =(C99*C$86+D99*D$86+E99*E$86+F99*F$86)*I$86 -> 0 | I99: =C99+D99+E99+F99 -> 0 | J99: =J98-I99 -> 46000 | L99: =K99-A99 -> 0
G100: =C100*14.4+D100*12+E100*14.4+F100*12 -> 0 | H100: =(C100*C$86+D100*D$86+E100*E$86+F100*F$86)*I$86 -> 0 | I100: =C100+D100+E100+F100 -> 0 | J100: =J99-I100 -> 46000 | L100: =K100-A100 -> 0
G101: =C101*14.4+D101*12+E101*14.4+F101*12 -> 0 | H101: =(C101*C$86+D101*D$86+E101*E$86+F101*F$86)*I$86 -> 0 | I101: =C101+D101+E101+F101 -> 0 | J101: =J100-I101 -> 46000 | L101: =K101-A101 -> 0
G102: =C102*14.4+D102*12+E102*14.4+F102*12 -> 0 | H102: =(C102*C$86+D102*D$86+E102*E$86+F102*F$86)*I$86 -> 0 | I102: =C102+D102+E102+F102 -> 0 | J102: =J101-I102 -> 46000 | L102: =K102-A102 -> 0
G103: =C103*14.4+D103*12+E103*14.4+F103*12 -> 0 | H103: =(C103*C$86+D103*D$86+E103*E$86+F103*F$86)*I$86 -> 0 | I103: =C103+D103+E103+F103 -> 0 | J103: =J102-I103 -> 46000 | L103: =K103-A103 -> 0
... G128: =C128*14.4+D128*12+E128*14.4+F128*12 -> 0 | H128: =(C128*C$86+D128*D$86+E128*E$86+F128*F$86)*I$86 -> 0 | I128: =C128+D128+E128+F128 -> 0 | J128: =J127-I128 -> 46000 | L128: =K128-A128 -> 0
A129: Jumlah | C129: =SUM(C87:C128) -> 1250 | D129: =SUM(D87:D128) -> 3500 | E129: =SUM(E87:E128) -> 750 | F129: =SUM(F87:F128) -> 3500 | G129: =SUM(G87:G128) -> 112800 | H129: =SUM(H87:H128) -> 8894463300 | I129: =SUM(I87:I128) -> 9000 | J129: =J83-I129 -> 46000
A130: Total Jumlah Dus | C130: =SUM(C129:F129) -> 9000 | H130: Capai % | I130: =I129/J83% -> 16.363636 | J130: =J129/J83% -> 83.636364
A133: PRODUK | B133: G A N D A S I L | J133: TARGET | K133: PELUNASAN | M133: 46062
A134: TOKO | B134: P T. A N U G E R A H A G R O M - B A N Y U W A N G I | J134: 7500
A135: TANGGAL | B135: No. SPB | C135: K E M A S A N | G135: Jumlah | H135: J U M L A H | J135: KURANG | K135: TANGGAL | L135: TEMPO
C136: B 100 | D136: B 500 | E136: D 100 | F136: D 500 | G136: Kg | H136: RUPIAH | I136: DUS | J136: DUS | L136: HARI
A137: berlaku | B137: 45931 | C137: 1330668 | D137: 1038960 | E137: 1198800 | F137: 932400 | I137: 0.96
A138: 46029 | B138: 24276 | C138: 100 | D138: 250 | E138: 50 | F138: 100 | G138: =C138*14.4+D138*12+E138*14.4+F138*12 -> 6360 | H138: =(C138*C$137+D138*D$137+E138*E$137+F138*F$137)*I$137 -> 524147328 | I138: =C138+D138+E138+F138 -> 500 | J138: =J134-I138 -> 7000 | K138: ='[1]Area 4'!$D$40 -> 46080 | L138: =K138-A138 -> 51
A139: 46062 | B139: 24283 | C139: 100 | D139: 200 | E139: 100 | F139: 100 | G139: =C139*14.4+D139*12+E139*14.4+F139*12 -> 6480 | H139: =(C139*C$137+D139*D$137+E139*E$137+F139*F$137)*I$137 -> 531819648 | I139: =C139+D139+E139+F139 -> 500 | J139: =J138-I139 -> 6500 | K139: ='[1]Area 4'!$D$41 -> 0 | L139: =K139-A139 -> -46062
A140: 46076 | B140: 24290 | C140: 0 | D140: 100 | E140: 0 | F140: 100 | G140: =C140*14.4+D140*12+E140*14.4+F140*12 -> 2400 | H140: =(C140*C$137+D140*D$137+E140*E$137+F140*F$137)*I$137 -> 189250560 | I140: =C140+D140+E140+F140 -> 200 | J140: =J139-I140 -> 6300 | K140: ='[1]Area 4'!$D$46 -> 0 | L140: =K140-A140 -> -46076
A141: 46087 | B141: 24296 | C141: 100 | D141: 200 | E141: 50 | F141: 150 | G141: =C141*14.4+D141*12+E141*14.4+F141*12 -> 6360 | H141: =(C141*C$137+D141*D$137+E141*E$137+F141*F$137)*I$137 -> 519032448 | I141: =C141+D141+E141+F141 -> 500 | J141: =J140-I141 -> 5800 | K141: ='[1]Area 4'!$D$48 -> 0 | L141: =K141-A141 -> -46087
...

Sheet Gdpn
A1: PENJUALAN PRODAK YANG DIPROGAM BERDASARKAN PENCAPAIAN TOKO
A2: =GDSL!A2 -> TAHUN 2026
A3: PRODUK | B3: G A N D A P A N | I3: TARGET | J3: PELUNASAN | L3: 46077
A4: TOKO | B4: S U M B E R M A K M U R AGROINDO - J O M B A N G | I4: 160
A5: TANGGAL | B5: No. SPB | C5: KEMASAN | F5: J U M L A H | I5: KURANG | J5: TANGGAL | K5: TEMPO
C6: MAX | D6: REG | E6: SUB | F6: KG | G6: RUPIAH | H6: DUS | I6: DUS | K6: HARI
A7: berlaku | B7: 45931 | C7: 710400 | D7: 1287600 | E7: 976800
F8: =C8*10+D8*10+E8*10 -> 0 | G8: =(C8*C$7+D8*D$7+E8*E$7) -> 0 | H8: =C8+D8+E8 -> 0 | I8: =I4-H8 -> 160 | K8: =J8-A8 -> 0
F9: =C9*10+D9*10+E9*10 -> 0 | G9: =(C9*C$7+D9*D$7+E9*E$7) -> 0 | H9: =C9+D9+E9 -> 0 | I9: =I8-H9 -> 160 | K9: =J9-A9 -> 0
F10: =C10*10+D10*10+E10*10 -> 0 | G10: =(C10*C$7+D10*D$7+E10*E$7) -> 0 | H10: =C10+D10+E10 -> 0 | I10: =I9-H10 -> 160 | K10: =J10-A10 -> 0
F11: =C11*10+D11*10+E11*10 -> 0 | G11: =(C11*C$7+D11*D$7+E11*E$7) -> 0 | H11: =C11+D11+E11 -> 0 | I11: =I10-H11 -> 160 | K11: =J11-A11 -> 0
F12: =C12*10+D12*10+E12*10 -> 0 | G12: =(C12*C$7+D12*D$7+E12*E$7) -> 0 | H12: =C12+D12+E12 -> 0 | I12: =I11-H12 -> 160 | K12: =J12-A12 -> 0
A13: Jumlah | C13: =SUM(C8:C12) -> 0 | D13: =SUM(D8:D12) -> 0 | E13: =SUM(E8:E12) -> 0 | F13: =SUM(F8:F12) -> 0 | G13: =SUM(G8:G12) -> 0 | H13: =SUM(H8:H12) -> 0 | I13: =I4-H13 -> 160
G14: Capai % | H14: =H13/I4% -> 0 | I14: =I13/I4% -> 100
A16: PRODUK | B16: G A N D A P A N | I16: TARGET | J16: PELUNASAN
A17: TOKO | B17: PT. K A R I S M A I N D O A G R O - J E M B E R | I17: 50
A18: TANGGAL | B18: No. SPB | C18: KEMASAN | F18: J U M L A H | I18: KURANG | J18: TANGGAL | K18: TEMPO
C19: MAX | D19: REG | E19: SUB | F19: KG | G19: RUPIAH | H19: DUS | I19: DUS | K19: HARI
A20: berlaku | B20: 45931 | C20: 710400 | D20: 1287600 | E20: 976800
F21: =C21*10+D21*10+E21*10 -> 0 | G21: =(C21*C$20+D21*D$20+E21*E$20) -> 0 | H21: =C21+D21+E21 -> 0 | I21: =I17-H21 -> 50 | K21: =J21-A21 -> 0
F22: =C22*10+D22*10+E22*10 -> 0 | G22: =(C22*C$20+D22*D$20+E22*E$20) -> 0 | H22: =C22+D22+E22 -> 0 | I22: =I21-H22 -> 50 | K22: =J22-A22 -> 0
F23: =C23*10+D23*10+E23*10 -> 0 | G23: =(C23*C$20+D23*D$20+E23*E$20) -> 0 | H23: =C23+D23+E23 -> 0 | I23: =I22-H23 -> 50 | K23: =J23-A23 -> 0
F24: =C24*10+D24*10+E24*10 -> 0 | G24: =(C24*C$20+D24*D$20+E24*E$20) -> 0 | H24: =C24+D24+E24 -> 0 | I24: =I23-H24 -> 50 | K24: =J24-A24 -> 0
F25: =C25*10+D25*10+E25*10 -> 0 | G25: =(C25*C$20+D25*D$20+E25*E$20) -> 0 | H25: =C25+D25+E25 -> 0 | I25: =I24-H25 -> 50 | K25: =J25-A25 -> 0
A26: Jumlah | C26: =SUM(C21:C25) -> 0 | D26: =SUM(D21:D25) -> 0 | E26: =SUM(E21:E25) -> 0 | F26: =SUM(F21:F25) -> 0 | G26: =SUM(G21:G25) -> 0 | H26: =SUM(H21:H25) -> 0 | I26: =I17-H26 -> 50
G27: Capai % | H27: =H26/I17% -> 0 | I27: =I26/I17% -> 100
A30: PRODUK | B30: G A N D A P A N | I30: TARGET | J30: PELUNASAN | L30: 46062
A31: TOKO | B31: PT. ANUGERAH AGRO MANDIRI - BANYUWANGI | I31: 350
A32: TANGGAL | B32: No. SPB | C32: KEMASAN | F32: J U M L A H | I32: KURANG | J32: TANGGAL | K32: TEMPO
C33: MAX | D33: REG | E33: SUB | F33: KG | G33: RUPIAH | H33: DUS | I33: DUS | K33: HARI
A34: berlaku | B34: 45931 | C34: 710400 | D34: 1287600 | E34: 976800
A35: 46063 | B35: 24285 | C35: 0 | D35: 0 | E35: 30 | F35: =C35*10+D35*10+E35*10 -> 300 | G35: =(C35*C$34+D35*D$34+E35*E$34) -> 29304000 | H35: =C35+D35+E35 -> 30 | I35: =I31-H35 -> 320 | J35: ='[1]Area 4'!$D$43 -> 0 | K35: =J35-A35 -> -46063
A36: 46076 | B36: 24289 | C36: 0 | D36: 19 | E36: 0 | F36: =C36*10+D36*10+E36*10 -> 190 | G36: =(C36*C$34+D36*D$34+E36*E$34) -> 24464400 | H36: =C36+D36+E36 -> 19 | I36: =I35-H36 -> 301 | J36: ='[1]Area 4'!$D$45 -> 0 | K36: =J36-A36 -> -46076
F37: =C37*10+D37*10+E37*10 -> 0 | G37: =(C37*C$34+D37*D$34+E37*E$34) -> 0 | H37: =C37+D37+E37 -> 0 | I37: =I36-H37 -> 301 | K37: =J37-A37 -> 0
F38: =C38*10+D38*10+E38*10 -> 0 | G38: =(C38*C$34+D38*D$34+E38*E$34) -> 0 | H38: =C38+D38+E38 -> 0 | I38: =I37-H38 -> 301 | K38: =J38-A38 -> 0
F39: =C39*10+D39*10+E39*10 -> 0 | G39: =(C39*C$34+D39*D$34+E39*E$34) -> 0 | H39: =C39+D39+E39 -> 0 | I39: =I38-H39 -> 301 | K39: =J39-A39 -> 0
F40: =C40*10+D40*10+E40*10 -> 0 | G40: =(C40*C$34+D40*D$34+E40*E$34) -> 0 | H40: =C40+D40+E40 -> 0 | I40: =I39-H40 -> 301 | K40: =J40-A40 -> 0
F41: =C41*10+D41*10+E41*10 -> 0 | G41: =(C41*C$34+D41*D$34+E41*E$34) -> 0 | H41: =C41+D41+E41 -> 0 | I41: =I40-H41 -> 301 | K41: =J41-A41 -> 0
F42: =C42*10+D42*10+E42*10 -> 0 | G42: =(C42*C$34+D42*D$34+E42*E$34) -> 0 | H42: =C42+D42+E42 -> 0 | I42: =I41-H42 -> 301 | K42: =J42-A42 -> 0
F43: =C43*10+D43*10+E43*10 -> 0 | G43: =(C43*C$34+D43*D$34+E43*E$34) -> 0 | H43: =C43+D43+E43 -> 0 | I43: =I42-H43 -> 301 | K43: =J43-A43 -> 0
F44: =C44*10+D44*10+E44*10 -> 0 | G44: =(C44*C$34+D44*D$34+E44*E$34) -> 0 | H44: =C44+D44+E44 -> 0 | I44: =I43-H44 -> 301 | K44: =J44-A44 -> 0
A45: Jumlah | C45: =SUM(C35:C44) -> 0 | D45: =SUM(D35:D44) -> 19 | E45: =SUM(E35:E44) -> 30 | F45: =SUM(F35:F44) -> 490 | G45: =SUM(G35:G44) -> 53768400 | H45: =SUM(H35:H44) -> 49 | I45: =I31-H45 -> 301
G46: Capai % | H46: =H45/I31% -> 14 | I46: =I45/I31% -> 86
A48: PRODUK | B48: G A N D A P A N | I48: TARGET | J48: PELUNASAN
A49: TOKO | B49: P T . T A N I S E J A T I M A N D I R I - M A L A N G | I49: 50
A50: TANGGAL | B50: No. SPB | C50: KEMASAN | F50: J U M L A H | I50: KURANG | J50: TANGGAL | K50: TEMPO
C51: MAX | D51: REG | E51: SUB | F51: KG | G51: RUPIAH | H51: DUS | I51: DUS | K51: HARI
A52: berlaku | B52: 45931 | C52: 710400 | D52: 1287600 | E52: 976800
F53: =C53*10+D53*10+E53*10 -> 0 | G53: =(C53*C$52+D53*D$52+E53*E$52) -> 0 | H53: =C53+D53+E53 -> 0 | I53: =I49-H53 -> 50 | K53: =J53-A53 -> 0
F54: =C54*10+D54*10+E54*10 -> 0 | G54: =(C54*C$52+D54*D$52+E54*E$52) -> 0 | H54: =C54+D54+E54 -> 0 | I54: =I53-H54 -> 50 | K54: =J54-A54 -> 0
F55: =C55*10+D55*10+E55*10 -> 0 | G55: =(C55*C$52+D55*D$52+E55*E$52) -> 0 | H55: =C55+D55+E55 -> 0 | I55: =I54-H55 -> 50 | K55: =J55-A55 -> 0
A56: Jumlah | C56: =SUM(C53:C55) -> 0 | D56: =SUM(D53:D55) -> 0 | E56: =SUM(E53:E55) -> 0 | F56: =SUM(F53:F55) -> 0 | G56: =SUM(G53:G55) -> 0 | H56: =SUM(H53:H55) -> 0 | I56: =I49-H56 -> 50
G57: Capai % | H57: =H56/I49% -> 0 | I57: =I56/I49% -> 100
A59: PRODUK | B59: G A N D A P A N | I59: TARGET | J59: PELUNASAN
A60: TOKO | B60: PT. SENTRA AGRONUSA BHAKTI - SURABAYA | I60: 50
A61: TANGGAL | B61: No. SPB | C61: KEMASAN | F61: J U M L A H | I61: KURANG | J61: TANGGAL | K61: TEMPO
C62: MAX | D62: REG | E62: SUB | F62: KG | G62: RUPIAH | H62: DUS | I62: DUS | K62: HARI
A63: berlaku | B63: 45931 | C63: 710400 | D63: 1287600 | E63: 976800
F64: =C64*10+D64*10+E64*10 -> 0 | G64: =(C64*C$63+D64*D$63+E64*E$63) -> 0 | H64: =C64+D64+E64 -> 0 | I64: =I60-H64 -> 50 | K64: =J64-A64 -> 0
F65: =C65*10+D65*10+E65*10 -> 0 | G65: =(C65*C$63+D65*D$63+E65*E$63) -> 0 | H65: =C65+D65+E65 -> 0 | I65: =I64-H65 -> 50 | K65: =J65-A65 -> 0
F66: =C66*10+D66*10+E66*10 -> 0 | G66: =(C66*C$63+D66*D$63+E66*E$63) -> 0 | H66: =C66+D66+E66 -> 0 | I66: =I65-H66 -> 50 | K66: =J66-A66 -> 0
A67: Jumlah | C67: =SUM(C64:C66) -> 0 | D67: =SUM(D64:D66) -> 0 | E67: =SUM(E64:E66) -> 0 | F67: =SUM(F64:F66) -> 0 | G67: =SUM(G64:G66) -> 0 | H67: =SUM(H64:H66) -> 0 | I67: =I60-H67 -> 50
G68: Capai % | H68: =H67/I60% -> 0 | I68: =I67/I60% -> 100
A70: PRODUK | B70: G A N D A P A N | I70: TARGET | J70: PELUNASAN
A71: TOKO | B71: PT. ANUGERAH TANI SEJATI - SURABAYA | I71: 50
A72: TANGGAL | B72: No. SPB | C72: KEMASAN | F72: J U M L A H | I72: KURANG | J72: TANGGAL | K72: TEMPO
C73: MAX | D73: REG | E73: SUB | F73: KG | G73: RUPIAH | H73: DUS | I73: DUS | K73: HARI
A74: berlaku | B74: 45931 | C74: 710400 | D74: 1287600 | E74: 976800
A75: 46051 | B75: 24330 | C75: 0 | D75: 0 | E75: 1 | F75: =C75*10+D75*10+E75*10 -> 10 | G75: =(C75*C$74+D75*D$74+E75*E$74) -> 976800 | H75: =C75+D75+E75 -> 1 | I75: =I71-H75 -> 49 | J75: ='[1]Area I '!$D$48 -> 46078 | K75: =J75-A75 -> 27
A76: 46071 | B76: 24336 | C76: 0 | D76: 0 | E76: 2 | F76: =C76*10+D76*10+E76*10 -> 20 | G76: =(C76*C$74+D76*D$74+E76*E$74) -> 1953600 | H76: =C76+D76+E76 -> 2 | I76: =I75-H76 -> 47 | J76: ='[1]Area I '!$D$49 -> 46094 | K76: =J76-A76 -> 23
F77: =C77*10+D77*10+E77*10 -> 0 | G77: =(C77*C$74+D77*D$74+E77*E$74) -> 0 | H77: =C77+D77+E77 -> 0 | I77: =I76-H77 -> 47 | K77: =J77-A77 -> 0
F78: =C78*10+D78*10+E78*10 -> 0 | G78: =(C78*C$74+D78*D$74+E78*E$74) -> 0 | H78: =C78+D78+E78 -> 0 | I78: =I77-H78 -> 47 | K78: =J78-A78 -> 0
F79: =C79*10+D79*10+E79*10 -> 0 | G79: =(C79*C$74+D79*D$74+E79*E$74) -> 0 | H79: =C79+D79+E79 -> 0 | I79: =I78-H79 -> 47 | K79: =J79-A79 -> 0
F80: =C80*10+D80*10+E80*10 -> 0 | G80: =(C80*C$74+D80*D$74+E80*E$74) -> 0 | H80: =C80+D80+E80 -> 0 | I80: =I79-H80 -> 47 | K80: =J80-A80 -> 0
F81: =C81*10+D81*10+E81*10 -> 0 | G81: =(C81*C$74+D81*D$74+E81*E$74) -> 0 | H81: =C81+D81+E81 -> 0 | I81: =I80-H81 -> 47 | K81: =J81-A81 -> 0
A82: Jumlah | C82: =SUM(C75:C81) -> 0 | D82: =SUM(D75:D81) -> 0 | E82: =SUM(E75:E81) -> 3 | F82: =SUM(F75:F81) -> 30 | G82: =SUM(G75:G81) -> 2930400 | H82: =SUM(H75:H81) -> 3 | I82: =I71-H82 -> 47
G83: Capai % | H83: =H82/I71% -> 6 | I83: =I82/I71% -> 94
A87: Total Jumlah DUS GANDAPAN Toko | G87: =I71+I60+I49+I31+I17+I4 -> 710
A89: Total Jumlah DUS pencapaian Toko | F89: =H82+H67+H56+H45+H26+H13 -> 52
A91: Total Jumlah Dus kurang Target | G91: =G87-F89 -> 658
A93: Rata-2 % pencapaian target | G93: =F89/G87% -> 7.3239437
A95: Rata-2 % kurang capai target | G95: =100-G93 -> 92.676056
A97: Total Jumlah Kg capai target Toko | G97: =F82+F56+F45+F13 -> 520
A99: Total nilai Jumlah RUPIAH Toko ditarget | F99: =G82+G67+G56+G45+G26+G13 -> 56698800

Sheet Mstfl
A1: PENJUALAN PRODAK YANG DIPROGAM BERDASARKAN PENCAPAIAN TOKO
A2: =GDSL!A2 -> TAHUN 2026
A3: PRODUK | B3: MASTOFOL TRISTAR | I3: TARGET | J3: PELUNASAN | L3: 46077
A4: TOKO | B4: PT. SUMBER MAKMUR AGROINDO - JOMBANG | I4: 300
A5: TANGGAL | B5: NO. SPB | C5: KEMASAN | F5: JUMLAH | I5: KURANG | J5: TANGGAL | K5: TEMPO
C6: 500 CC | D6: 1 LITER | E6: 5 LITER | F6: LITER | G6: RUPIAH | H6: DUS | I6: DUS | K6: HARI
A7: berlaku | B7: 45550 | C7: 1368630 | D7: 1601730 | F7: 0.95
F8: =C8*20+D8*20+E8*20 -> 0 | G8: =(C8*C$7+D8*D$7)*F$7 -> 0 | H8: =C8+D8+E8 -> 0 | I8: =I4-H8 -> 300 | K8: =J8-A8 -> 0
F9: =C9*20+D9*20+E9*20 -> 0 | G9: =(C9*C$7+D9*D$7)*F$7 -> 0 | H9: =C9+D9+E9 -> 0 | I9: =I8-H9 -> 300 | K9: =J9-A9 -> 0
F10: =C10*20+D10*20+E10*20 -> 0 | G10: =(C10*C$7+D10*D$7)*F$7 -> 0 | H10: =C10+D10+E10 -> 0 | I10: =I9-H10 -> 300 | K10: =J10-A10 -> 0
F11: =C11*20+D11*20+E11*20 -> 0 | G11: =(C11*C$7+D11*D$7)*F$7 -> 0 | H11: =C11+D11+E11 -> 0 | I11: =I10-H11 -> 300 | K11: =J11-A11 -> 0
F12: =C12*20+D12*20+E12*20 -> 0 | G12: =(C12*C$7+D12*D$7)*F$7 -> 0 | H12: =C12+D12+E12 -> 0 | I12: =I11-H12 -> 300 | K12: =J12-A12 -> 0
F13: =C13*20+D13*20+E13*20 -> 0 | G13: =(C13*C$7+D13*D$7)*F$7 -> 0 | H13: =C13+D13+E13 -> 0 | I13: =I12-H13 -> 300 | K13: =J13-A13 -> 0
F14: =C14*20+D14*20+E14*20 -> 0 | G14: =(C14*C$7+D14*D$7)*F$7 -> 0 | H14: =C14+D14+E14 -> 0 | I14: =I13-H14 -> 300 | K14: =J14-A14 -> 0
F15: =C15*20+D15*20+E15*20 -> 0 | G15: =(C15*C$7+D15*D$7)*F$7 -> 0 | H15: =C15+D15+E15 -> 0 | I15: =I14-H15 -> 300 | K15: =J15-A15 -> 0
F16: =C16*20+D16*20+E16*20 -> 0 | G16: =(C16*C$7+D16*D$7)*F$7 -> 0 | H16: =C16+D16+E16 -> 0 | I16: =I15-H16 -> 300 | K16: =J16-A16 -> 0
F17: =C17*20+D17*20+E17*20 -> 0 | G17: =(C17*C$7+D17*D$7)*F$7 -> 0 | H17: =C17+D17+E17 -> 0 | I17: =I16-H17 -> 300 | K17: =J17-A17 -> 0
F18: =C18*20+D18*20+E18*20 -> 0 | G18: =(C18*C$7+D18*D$7)*F$7 -> 0 | H18: =C18+D18+E18 -> 0 | I18: =I17-H18 -> 300 | K18: =J18-A18 -> 0
A19: Jumlah | C19: =SUM(C8:C18) -> 0 | D19: =SUM(D8:D18) -> 0 | E19: =SUM(E8:E18) -> 0 | F19: =SUM(F8:F18) -> 0 | G19: =SUM(G8:G18) -> 0 | H19: =SUM(H8:H18) -> 0 | I19: =I4-H19 -> 300 | K19: =J19-B19 -> 0
G20: Capai % | H20: =H19/I4% -> 0 | I20: =I19/I4% -> 100
A23: PRODUK | B23: MASTOFOL TRISTAR | I23: TARGET | J23: PELUNASAN | L23: 46062
A24: TOKO | B24: PT. ANUGERAH AGRO MANDIRI - BANYUWANGI | I24: 500
A25: TANGGAL | B25: NO. SPB | C25: KEMASAN | F25: JUMLAH | I25: KURANG | J25: TANGGAL | K25: TEMPO
C26: 500 CC | D26: 1 LITER | E26: 5 LITER | F26: LITER | G26: RUPIAH | H26: DUS | I26: DUS | K26: HARI
A27: berlaku | B27: 45550 | C27: 1368630 | D27: 1601730 | F27: 0.95
F28: =C28*20+D28*20+E28*20 -> 0 | G28: =(C28*C$27+D28*D$27+E28*E$27)*F$27 -> 0 | H28: =C28+D28+E28 -> 0 | I28: =I24-H28 -> 500 | K28: =J28-A28 -> 0
F29: =C29*20+D29*20+E29*20 -> 0 | G29: =(C29*C$27+D29*D$27+E29*E$27)*F$27 -> 0 | H29: =C29+D29+E29 -> 0 | I29: =I28-H29 -> 500 | K29: =J29-A29 -> 0
F30: =C30*20+D30*20+E30*20 -> 0 | G30: =(C30*C$27+D30*D$27+E30*E$27)*F$27 -> 0 | H30: =C30+D30+E30 -> 0 | I30: =I29-H30 -> 500 | K30: =J30-A30 -> 0
F31: =C31*20+D31*20+E31*20 -> 0 | G31: =(C31*C$27+D31*D$27+E31*E$27)*F$27 -> 0 | H31: =C31+D31+E31 -> 0 | I31: =I30-H31 -> 500 | K31: =J31-A31 -> 0
F32: =C32*20+D32*20+E32*20 -> 0 | G32: =(C32*C$27+D32*D$27+E32*E$27)*F$27 -> 0 | H32: =C32+D32+E32 -> 0 | I32: =I31-H32 -> 500 | K32: =J32-A32 -> 0
F33: =C33*20+D33*20+E33*20 -> 0 | G33: =(C33*C$27+D33*D$27+E33*E$27)*F$27 -> 0 | H33: =C33+D33+E33 -> 0 | I33: =I32-H33 -> 500 | K33: =J33-A33 -> 0
F34: =C34*20+D34*20+E34*20 -> 0 | G34: =(C34*C$27+D34*D$27+E34*E$27)*F$27 -> 0 | H34: =C34+D34+E34 -> 0 | I34: =I33-H34 -> 500 | K34: =J34-A34 -> 0
F35: =C35*20+D35*20+E35*20 -> 0 | G35: =(C35*C$27+D35*D$27+E35*E$27)*F$27 -> 0 | H35: =C35+D35+E35 -> 0 | I35: =I34-H35 -> 500 | K35: =J35-A35 -> 0
A36: Jumlah | C36: =SUM(C28:C35) -> 0 | D36: =SUM(D28:D35) -> 0 | E36: =SUM(E28:E35) -> 0 | F36: =SUM(F28:F35) -> 0 | G36: =SUM(G28:G35) -> 0 | H36: =SUM(H28:H35) -> 0 | I36: =I24-H36 -> 500
G37: Capai % | H37: =H36/I24% -> 0 | I37: =I36/I24% -> 100
A43: Total Jumlah DUS GANDASTAR Toko ditarget | G43: =I24+I4 -> 800
A45: Total Jumlah DUS pencapaian Toko ditarget | G45: =H36+H19 -> 0
A47: Total jumlah kekurangan DUS capai target | G47: =G43-G45 -> 800
A49: Rata-2 % pencapaian target Toko | G49: =G45/G43% -> 0
A51: Rata-2 % kurang pencapaian target Toko | G51: =G47/G43% -> 100
A53: Total jumlah LITER pencapaian target Toko | G53: =F36+F19 -> 0
A55: Total nilai Jumlah RUPIAH Toko yang ditarget | G55: =G36+G19 -> 0

Sheet Dkg
A1: PENJUALAN PRODAK YANG DIPROGAM BERDASARKAN PENCAPAIAN TOKO
A2: =GDSL!A2 -> TAHUN 2026
A3: PRODUK | B3: DEKORGAN PLUS | I3: TARGET | J3: PELUNASAN | M3: 45384
A4: TOKO | B4: PT. SUMBER MAKMUR AGROINDO - JOMBANG | I4: 50
A5: TANGGAL | B5: NO. SPB | C5: KEMASAN | F5: JUMLAH | I5: KURANG | J5: TANGGAL | K5: TEMPO
C6: 500 CC | D6: 1 LITER | E6: 5 LITER | F6: LITER | G6: RUPIAH | H6: DUS | I6: DUS | K6: HARI
A7: berlaku | B7: 44866 | C7: 957930 | D7: 906870
F8: =C8*20+D8*20+E8*20 -> 0 | G8: =(C8*C$7+D8*D$7) -> 0 | H8: =C8+D8+E8 -> 0 | I8: =I4-H8 -> 50 | K8: =J8-A8 -> 0
F9: =C9*20+D9*20+E9*20 -> 0 | G9: =(C9*C$7+D9*D$7) -> 0 | H9: =C9+D9+E9 -> 0 | I9: =I8-H9 -> 50 | K9: =J9-A9 -> 0
F10: =C10*20+D10*20+E10*20 -> 0 | G10: =(C10*C$7+D10*D$7) -> 0 | H10: =C10+D10+E10 -> 0 | I10: =I9-H10 -> 50 | K10: =J10-A10 -> 0
F11: =C11*20+D11*20+E11*20 -> 0 | G11: =(C11*C$7+D11*D$7) -> 0 | H11: =C11+D11+E11 -> 0 | I11: =I10-H11 -> 50 | K11: =J11-A11 -> 0
F12: =C12*20+D12*20+E12*20 -> 0 | G12: =(C12*C$7+D12*D$7) -> 0 | H12: =C12+D12+E12 -> 0 | I12: =I11-H12 -> 50 | K12: =J12-A12 -> 0
F13: =C13*20+D13*20+E13*20 -> 0 | G13: =(C13*C$7+D13*D$7) -> 0 | H13: =C13+D13+E13 -> 0 | I13: =I12-H13 -> 50 | K13: =J13-A13 -> 0
F14: =C14*20+D14*20+E14*20 -> 0 | G14: =(C14*C$7+D14*D$7) -> 0 | H14: =C14+D14+E14 -> 0 | I14: =I13-H14 -> 50 | K14: =J14-A14 -> 0
F15: =C15*20+D15*20+E15*20 -> 0 | G15: =(C15*C$7+D15*D$7) -> 0 | H15: =C15+D15+E15 -> 0 | I15: =I14-H15 -> 50 | K15: =J15-A15 -> 0
F16: =C16*20+D16*20+E16*20 -> 0 | G16: =(C16*C$7+D16*D$7) -> 0 | H16: =C16+D16+E16 -> 0 | I16: =I15-H16 -> 50 | K16: =J16-A16 -> 0
F17: =C17*20+D17*20+E17*20 -> 0 | G17: =(C17*C$7+D17*D$7) -> 0 | H17: =C17+D17+E17 -> 0 | I17: =I16-H17 -> 50 | K17: =J17-A17 -> 0
F18: =C18*20+D18*20+E18*20 -> 0 | G18: =(C18*C$7+D18*D$7) -> 0 | H18: =C18+D18+E18 -> 0 | I18: =I17-H18 -> 50 | K18: =J18-A18 -> 0
A19: Jumlah | C19: =SUM(C8:C18) -> 0 | D19: =SUM(D8:D18) -> 0 | E19: =SUM(E8:E18) -> 0 | F19: =SUM(F8:F18) -> 0 | G19: =SUM(G8:G18) -> 0 | H19: =SUM(H8:H18) -> 0 | I19: =I4-H19 -> 50 | K19: =J19-B19 -> 0
G20: Capai % | H20: =H19/I4% -> 0 | I20: =I19/I4% -> 100
A23: PRODUK | B23: DEKORGAN PLUS | I23: TARGET | J23: PELUNASAN | M23: 45377
A24: TOKO | B24: CV. TUNAS ABADI INDOAGRO - BANYUWANGI | I24: 50
A25: TANGGAL | B25: NO. SPB | C25: KEMASAN | F25: JUMLAH | I25: KURANG | J25: TANGGAL | K25: TEMPO
C26: 500 CC | D26: 1 LITER | E26: 5 LITER | F26: LITER | G26: RUPIAH | H26: DUS | I26: DUS | K26: HARI
A27: berlaku | B27: 44866 | C27: 957930 | D27: 906870
F28: =C28*20+D28*20+E28*20 -> 0 | G28: =(C28*C$27+D28*D$27) -> 0 | H28: =C28+D28+E28 -> 0 | I28: =I24-H28 -> 50 | K28: =J28-A28 -> 0
F29: =C29*20+D29*20+E29*20 -> 0 | G29: =(C29*C$27+D29*D$27) -> 0 | H29: =C29+D29+E29 -> 0 | I29: =I28-H29 -> 50 | K29: =J29-A29 -> 0
F30: =C30*20+D30*20+E30*20 -> 0 | G30: =(C30*C$27+D30*D$27) -> 0 | H30: =C30+D30+E30 -> 0 | I30: =I29-H30 -> 50 | K30: =J30-A30 -> 0
F31: =C31*20+D31*20+E31*20 -> 0 | G31: =(C31*C$27+D31*D$27) -> 0 | H31: =C31+D31+E31 -> 0 | I31: =I30-H31 -> 50 | K31: =J31-A31 -> 0
F32: =C32*20+D32*20+E32*20 -> 0 | G32: =(C32*C$27+D32*D$27) -> 0 | H32: =C32+D32+E32 -> 0 | I32: =I31-H32 -> 50 | K32: =J32-A32 -> 0
F33: =C33*20+D33*20+E33*20 -> 0 | G33: =(C33*C$27+D33*D$27) -> 0 | H33: =C33+D33+E33 -> 0 | I33: =I32-H33 -> 50 | K33: =J33-A33 -> 0
F34: =C34*20+D34*20+E34*20 -> 0 | G34: =(C34*C$27+D34*D$27) -> 0 | H34: =C34+D34+E34 -> 0 | I34: =I33-H34 -> 50 | K34: =J34-A34 -> 0
F35: =C35*20+D35*20+E35*20 -> 0 | G35: =(C35*C$27+D35*D$27) -> 0 | H35: =C35+D35+E35 -> 0 | I35: =I34-H35 -> 50 | K35: =J35-A35 -> 0
F36: =C36*20+D36*20+E36*20 -> 0 | G36: =(C36*C$27+D36*D$27) -> 0 | H36: =C36+D36+E36 -> 0 | I36: =I35-H36 -> 50 | K36: =J36-A36 -> 0
F37: =C37*20+D37*20+E37*20 -> 0 | G37: =(C37*C$27+D37*D$27) -> 0 | H37: =C37+D37+E37 -> 0 | I37: =I36-H37 -> 50 | K37: =J37-A37 -> 0
F38: =C38*20+D38*20+E38*20 -> 0 | G38: =(C38*C$27+D38*D$27) -> 0 | H38: =C38+D38+E38 -> 0 | I38: =I37-H38 -> 50 | K38: =J38-A38 -> 0
A39: Jumlah | C39: =SUM(C28:C38) -> 0 | D39: =SUM(D28:D38) -> 0 | E39: =SUM(E28:E38) -> 0 | F39: =SUM(F28:F38) -> 0 | G39: =SUM(G28:G38) -> 0 | H39: =SUM(H28:H38) -> 0 | I39: =I24-H39 -> 50 | K39: =J39-B39 -> 0
G40: Capai % | H40: =H39/I24% -> 0 | I40: =I39/I24% -> 100
A42: Total Jumlah DUS DEKORGANToko ditarget | G42: =I24+I4 -> 100
A44: Total Jumlah DUS pencapaian Toko ditarget | G44: =H39+H19 -> 0
A46: Total jumlah kekurangan DUS capai target | G46: =G42-G44 -> 100
A48: Rata-2 % pencapaian target Toko | G48: =G44/G42% -> 0
A50: Rata-2 % kurang pencapaian target Toko | G50: =G46/G42% -> 100
A52: Total jumlah LITER pencapaian target Toko | G52: =F39+F19 -> 0
A54: Total nilai Jumlah RUPIAH Toko yang ditarget | G54: =G39+G19 -> 0

Sheet Gdtar
A1: PENJUALAN PRODAK YANG DIPROGAM BERDASARKAN PENCAPAIAN TOKO
A2: =GDSL!A2 -> TAHUN 2026
A3: PRODUK | B3: G A N D A S T A R | I3: TARGET | J3: PELUNASAN | L3: 46062
A4: TOKO | B4: PT. TUNAS ABADI INDOAGRO - BANYUWANGI | I4: 100
A5: TANGGAL | B5: NO. SPB | C5: KEMASAN | F5: JUMLAH | I5: KURANG | J5: TANGGAL | K5: TEMPO
C6: 500 CC | D6: 1 LITER | F6: LITER | G6: RUPIAH | H6: DUS | I6: DUS | K6: HARI
A7: berlaku | B7: 45931 | C7: 399600 | D7: 452880
F8: =C8*20+D8*12 -> 0 | G8: =(C8*C$7+D8*D$7) -> 0 | H8: =C8+D8+E8 -> 0 | I8: =I4-H8 -> 100 | K8: =J8-A8 -> 0
F9: =C9*20+D9*12 -> 0 | G9: =(C9*C$7+D9*D$7) -> 0 | H9: =C9+D9+E9 -> 0 | I9: =I8-H9 -> 100 | K9: =J9-A9 -> 0
F10: =C10*20+D10*12 -> 0 | G10: =(C10*C$7+D10*D$7) -> 0 | H10: =C10+D10+E10 -> 0 | I10: =I9-H10 -> 100 | K10: =J10-A10 -> 0
F11: =C11*20+D11*12 -> 0 | G11: =(C11*C$7+D11*D$7) -> 0 | H11: =C11+D11+E11 -> 0 | I11: =I10-H11 -> 100 | K11: =J11-A11 -> 0
F12: =C12*20+D12*12 -> 0 | G12: =(C12*C$7+D12*D$7) -> 0 | H12: =C12+D12+E12 -> 0 | I12: =I11-H12 -> 100 | K12: =J12-A12 -> 0
F13: =C13*20+D13*12 -> 0 | G13: =(C13*C$7+D13*D$7) -> 0 | H13: =C13+D13+E13 -> 0 | I13: =I12-H13 -> 100 | K13: =J13-A13 -> 0
F14: =C14*20+D14*12 -> 0 | G14: =(C14*C$7+D14*D$7) -> 0 | H14: =C14+D14+E14 -> 0 | I14: =I13-H14 -> 100 | K14: =J14-A14 -> 0
F15: =C15*20+D15*12 -> 0 | G15: =(C15*C$7+D15*D$7) -> 0 | H15: =C15+D15+E15 -> 0 | I15: =I14-H15 -> 100 | K15: =J15-A15 -> 0
F16: =C16*20+D16*12 -> 0 | G16: =(C16*C$7+D16*D$7) -> 0 | H16: =C16+D16+E16 -> 0 | I16: =I15-H16 -> 100 | K16: =J16-A16 -> 0
F17: =C17*20+D17*12 -> 0 | G17: =(C17*C$7+D17*D$7) -> 0 | H17: =C17+D17+E17 -> 0 | I17: =I16-H17 -> 100 | K17: =J17-A17 -> 0
A18: Jumlah | C18: =SUM(C8:C17) -> 0 | D18: =SUM(D8:D17) -> 0 | E18: =SUM(E8:E17) -> 0 | F18: =SUM(F8:F17) -> 0 | G18: =SUM(G8:G17) -> 0 | H18: =SUM(H8:H17) -> 0 | I18: =I4-H18 -> 100
G19: Capai % | H19: =H18/I4% -> 0 | I19: =I18/I4% -> 100
A22: PRODUK | B22: G A N D A S T A R | I22: TARGET | J22: PELUNASAN
A23: TOKO | B23: A G R O P R I M A - D E N P A S A R - B A L I | I23: 300
A24: TANGGAL | B24: NO. SPB | C24: KEMASAN | F24: JUMLAH | I24: KURANG | J24: TANGGAL | K24: TEMPO
C25: 500 CC | D25: 1 LITER | E25: 5 LITER | F25: LITER | G25: RUPIAH | H25: DUS | I25: DUS | K25: HARI
A26: berlaku | B26: 45931 | C26: 399600 | D26: 452880
F27: =C27*20+D27*12 -> 0 | G27: =(C27*C$26+D27*D$26 ) -> 0 | H27: =C27+D27+E27 -> 0 | I27: =I23-H27 -> 300 | K27: =J27-A27 -> 0
F28: =C28*20+D28*12 -> 0 | G28: =(C28*C$26+D28*D$26 ) -> 0 | H28: =C28+D28+E28 -> 0 | I28: =I27-H28 -> 300 | K28: =J28-A28 -> 0
F29: =C29*20+D29*12 -> 0 | G29: =(C29*C$26+D29*D$26 ) -> 0 | H29: =C29+D29+E29 -> 0 | I29: =I28-H29 -> 300 | K29: =J29-A29 -> 0
F30: =C30*20+D30*12 -> 0 | G30: =(C30*C$26+D30*D$26 ) -> 0 | H30: =C30+D30+E30 -> 0 | I30: =I29-H30 -> 300 | K30: =J30-A30 -> 0
F31: =C31*20+D31*12 -> 0 | G31: =(C31*C$26+D31*D$26 ) -> 0 | H31: =C31+D31+E31 -> 0 | I31: =I30-H31 -> 300 | K31: =J31-A31 -> 0
F32: =C32*20+D32*12 -> 0 | G32: =(C32*C$26+D32*D$26 ) -> 0 | H32: =C32+D32+E32 -> 0 | I32: =I31-H32 -> 300 | K32: =J32-A32 -> 0
F33: =C33*20+D33*12 -> 0 | G33: =(C33*C$26+D33*D$26 ) -> 0 | H33: =C33+D33+E33 -> 0 | I33: =I32-H33 -> 300 | K33: =J33-A33 -> 0
F34: =C34*20+D34*12 -> 0 | G34: =(C34*C$26+D34*D$26 ) -> 0 | H34: =C34+D34+E34 -> 0 | I34: =I33-H34 -> 300 | K34: =J34-A34 -> 0
F35: =C35*20+D35*12 -> 0 | G35: =(C35*C$26+D35*D$26 ) -> 0 | H35: =C35+D35+E35 -> 0 | I35: =I34-H35 -> 300 | K35: =J35-A35 -> 0
F36: =C36*20+D36*12 -> 0 | G36: =(C36*C$26+D36*D$26 ) -> 0 | H36: =C36+D36+E36 -> 0 | I36: =I35-H36 -> 300 | K36: =J36-A36 -> 0
F37: =C37*20+D37*12 -> 0 | G37: =(C37*C$26+D37*D$26 ) -> 0 | H37: =C37+D37+E37 -> 0 | I37: =I36-H37 -> 300 | K37: =J37-A37 -> 0
A38: Jumlah | C38: =SUM(C27:C37) -> 0 | D38: =SUM(D27:D37) -> 0 | E38: =SUM(E27:E37) -> 0 | F38: =SUM(F27:F37) -> 0 | G38: =SUM(G27:G37) -> 0 | H38: =SUM(H27:H37) -> 0 | I38: =I23-H38 -> 300
G39: Capai % | H39: =H38/I23% -> 0 | I39: =I38/I23% -> 100
A41: PRODUK | B41: G A N D A S T A R | I41: TARGET | J41: PELUNASAN
A42: TOKO | B42: CV. H I K M A H A G U N G - T U B A N | I42: 100
A43: TANGGAL | B43: NO. SPB | C43: KEMASAN | F43: JUMLAH | I43: KURANG | J43: TANGGAL | K43: TEMPO
C44: 500 CC | D44: 1 LITER | F44: LITER | G44: RUPIAH | H44: DUS | I44: DUS | K44: HARI
A45: berlaku | B45: 45931 | C45: 399600 | D45: 452880
F46: =C46*20+D46*12 -> 0 | G46: =(C46*C$45+D46*D$45) -> 0 | H46: =C46+D46+E46 -> 0 | I46: =I42-H46 -> 100 | K46: =J46-A46 -> 0
F47: =C47*20+D47*12 -> 0 | G47: =(C47*C$45+D47*D$45) -> 0 | H47: =C47+D47+E47 -> 0 | I47: =I46-H47 -> 100 | K47: =J47-A47 -> 0
F48: =C48*20+D48*12 -> 0 | G48: =(C48*C$45+D48*D$45) -> 0 | H48: =C48+D48+E48 -> 0 | I48: =I47-H48 -> 100 | K48: =J48-A48 -> 0
F49: =C49*20+D49*12 -> 0 | G49: =(C49*C$45+D49*D$45) -> 0 | H49: =C49+D49+E49 -> 0 | I49: =I48-H49 -> 100 | K49: =J49-A49 -> 0
F50: =C50*20+D50*12 -> 0 | G50: =(C50*C$45+D50*D$45) -> 0 | H50: =C50+D50+E50 -> 0 | I50: =I49-H50 -> 100 | K50: =J50-A50 -> 0
F51: =C51*20+D51*12 -> 0 | G51: =(C51*C$45+D51*D$45) -> 0 | H51: =C51+D51+E51 -> 0 | I51: =I50-H51 -> 100 | K51: =J51-A51 -> 0
F52: =C52*20+D52*12 -> 0 | G52: =(C52*C$45+D52*D$45) -> 0 | H52: =C52+D52+E52 -> 0 | I52: =I51-H52 -> 100 | K52: =J52-A52 -> 0
A53: Jumlah | C53: =SUM(C46:C52) -> 0 | D53: =SUM(D46:D52) -> 0 | E53: =SUM(E46:E52) -> 0 | F53: =SUM(F46:F52) -> 0 | G53: =SUM(G46:G52) -> 0 | H53: =SUM(H46:H52) -> 0 | I53: =I42-H53 -> 100
G54: Capai % | H54: =H53/I42% -> 0 | I54: =I53/I42% -> 100
A57: PRODUK | B57: G A N D A S T A R | I57: TARGET | J57: PELUNASAN
A58: TOKO | B58: PT.AKSESTANI AGRITECH INDONESIA - NGANJUK | I58: 100
A59: TANGGAL | B59: NO. SPB | C59: KEMASAN | F59: JUMLAH | I59: KURANG | J59: TANGGAL | K59: TEMPO
C60: 500 CC | D60: 1 LITER | F60: LITER | G60: RUPIAH | H60: DUS | I60: DUS | K60: HARI
A61: berlaku | B61: 45931 | C61: 399600 | D61: 452880
A62: 46064 | B62: 24331 | C62: 0 | D62: 84 | F62: =C62*20+D62*12 -> 1008 | G62: =(C62*C$61+D62*D$61) -> 38041920 | H62: =C62+D62+E62 -> 84 | I62: =I58-H62 -> 16 | J62: ='[1]Area 2'!$D$95 -> 0 | K62: =J62-A62 -> -46064
F63: =C63*20+D63*12 -> 0 | G63: =(C63*C$61+D63*D$61) -> 0 | H63: =C63+D63+E63 -> 0 | I63: =I62-H63 -> 16 | K63: =J63-A63 -> 0
F64: =C64*20+D64*12 -> 0 | G64: =(C64*C$61+D64*D$61) -> 0 | H64: =C64+D64+E64 -> 0 | I64: =I63-H64 -> 16 | K64: =J64-A64 -> 0
F65: =C65*20+D65*12 -> 0 | G65: =(C65*C$61+D65*D$61) -> 0 | H65: =C65+D65+E65 -> 0 | I65: =I64-H65 -> 16 | K65: =J65-A65 -> 0
F66: =C66*20+D66*12 -> 0 | G66: =(C66*C$61+D66*D$61) -> 0 | H66: =C66+D66+E66 -> 0 | I66: =I65-H66 -> 16 | K66: =J66-A66 -> 0
F67: =C67*20+D67*12 -> 0 | G67: =(C67*C$61+D67*D$61) -> 0 | H67: =C67+D67+E67 -> 0 | I67: =I66-H67 -> 16 | K67: =J67-A67 -> 0
F68: =C68*20+D68*12 -> 0 | G68: =(C68*C$61+D68*D$61) -> 0 | H68: =C68+D68+E68 -> 0 | I68: =I67-H68 -> 16 | K68: =J68-A68 -> 0
A69: Jumlah | C69: =SUM(C62:C68) -> 0 | D69: =SUM(D62:D68) -> 84 | E69: =SUM(E62:E68) -> 0 | F69: =SUM(F62:F68) -> 1008 | G69: =SUM(G62:G68) -> 38041920 | H69: =SUM(H62:H68) -> 84 | I69: =I58-H69 -> 16
G70: Capai % | H70: =H69/I58% -> 84 | I70: =I69/I58% -> 16
A72: PRODUK | B72: G A N D A S T A R | I72: TARGET | J72: PELUNASAN
A73: TOKO | B73: S U M B E R T A N I - G R E S I K | I73: 100
A74: TANGGAL | B74: NO. SPB | C74: KEMASAN | F74: JUMLAH | I74: KURANG | J74: TANGGAL | K74: TEMPO
C75: 500 CC | D75: 1 LITER | F75: LITER | G75: RUPIAH | H75: DUS | I75: DUS | K75: HARI
A76: berlaku | B76: 45931 | C76: 399600 | D76: 452880
F77: =C77*20+D77*12 -> 0 | G77: =(C77*C$61+D77*D$61) -> 0 | H77: =C77+D77+E77 -> 0 | I77: =I73-H77 -> 100 | K77: =J77-A77 -> 0
F78: =C78*20+D78*12 -> 0 | G78: =(C78*C$61+D78*D$61) -> 0 | H78: =C78+D78+E78 -> 0 | I78: =I77-H78 -> 100 | K78: =J78-A78 -> 0
F79: =C79*20+D79*12 -> 0 | G79: =(C79*C$61+D79*D$61) -> 0 | H79: =C79+D79+E79 -> 0 | I79: =I78-H79 -> 100 | K79: =J79-A79 -> 0
F80: =C80*20+D80*12 -> 0 | G80: =(C80*C$61+D80*D$61) -> 0 | H80: =C80+D80+E80 -> 0 | I80: =I79-H80 -> 100 | K80: =J80-A80 -> 0
F81: =C81*20+D81*12 -> 0 | G81: =(C81*C$61+D81*D$61) -> 0 | H81: =C81+D81+E81 -> 0 | I81: =I80-H81 -> 100 | K81: =J81-A81 -> 0
F82: =C82*20+D82*12 -> 0 | G82: =(C82*C$61+D82*D$61) -> 0 | H82: =C82+D82+E82 -> 0 | I82: =I81-H82 -> 100 | K82: =J82-A82 -> 0
F83: =C83*20+D83*12 -> 0 | G83: =(C83*C$61+D83*D$61) -> 0 | H83: =C83+D83+E83 -> 0 | I83: =I82-H83 -> 100 | K83: =J83-A83 -> 0
A84: Jumlah | C84: =SUM(C77:C83) -> 0 | D84: =SUM(D77:D83) -> 0 | E84: =SUM(E77:E83) -> 0 | F84: =SUM(F77:F83) -> 0 | G84: =SUM(G77:G83) -> 0 | H84: =SUM(H77:H83) -> 0 | I84: =I73-H84 -> 100
G85: Capai % | H85: =H84/I73% -> 0 | I85: =I84/I73% -> 100
A87: PRODUK | B87: G A N D A S T A R | I87: TARGET | J87: PELUNASAN
A88: TOKO | B88: S U B U R M A K M U R - N G A W I | I88: 100
A89: TANGGAL | B89: NO. SPB | C89: KEMASAN | F89: JUMLAH | I89: KURANG | J89: TANGGAL | K89: TEMPO
C90: 500 CC | D90: 1 LITER | F90: LITER | G90: RUPIAH | H90: DUS | I90: DUS | K90: HARI
A91: berlaku | B91: 45931 | C91: 399600 | D91: 452880
F92: =C92*20+D92*12 -> 0 | G92: =(C92*C$91+D92*D$91) -> 0 | H92: =C92+D92+E92 -> 0 | I92: =I88-H92 -> 100 | K92: =J92-A92 -> 0
F93: =C93*20+D93*12 -> 0 | G93: =(C93*C$91+D93*D$91) -> 0 | H93: =C93+D93+E93 -> 0 | I93: =I92-H93 -> 100 | K93: =J93-A93 -> 0
F94: =C94*20+D94*12 -> 0 | G94: =(C94*C$91+D94*D$91) -> 0 | H94: =C94+D94+E94 -> 0 | I94: =I93-H94 -> 100 | K94: =J94-A94 -> 0
F95: =C95*20+D95*12 -> 0 | G95: =(C95*C$91+D95*D$91) -> 0 | H95: =C95+D95+E95 -> 0 | I95: =I94-H95 -> 100 | K95: =J95-A95 -> 0
F96: =C96*20+D96*12 -> 0 | G96: =(C96*C$91+D96*D$91) -> 0 | H96: =C96+D96+E96 -> 0 | I96: =I95-H96 -> 100 | K96: =J96-A96 -> 0
F97: =C97*20+D97*12 -> 0 | G97: =(C97*C$91+D97*D$91) -> 0 | H97: =C97+D97+E97 -> 0 | I97: =I96-H97 -> 100 | K97: =J97-A97 -> 0
F98: =C98*20+D98*12 -> 0 | G98: =(C98*C$91+D98*D$91) -> 0 | H98: =C98+D98+E98 -> 0 | I98: =I97-H98 -> 100 | K98: =J98-A98 -> 0
A99: Jumlah | C99: =SUM(C92:C98) -> 0 | D99: =SUM(D92:D98) -> 0 | E99: =SUM(E92:E98) -> 0 | F99: =SUM(F92:F98) -> 0 | G99: =SUM(G92:G98) -> 0 | H99: =SUM(H92:H98) -> 0 | I99: =I88-H99 -> 100
G100: Capai % | H100: =H99/I88% -> 0 | I100: =I99/I88% -> 100
A102: Total Jumlah DUS GANDASTAR Toko ditarget | G102: =I88+I73+I58+I42+I23+I4 -> 800
A104: Total Jumlah DUS pencapaian Toko ditarget | G104: =H99+H84+H69+H53+H38+H18 -> 84
A106: Total jumlah kekurangan DUS capai target | G106: =G102-G104 -> 716
A108: Rata-2 % pencapaian target Toko | G108: =G104/G102% -> 10.5
A110: Rata-2 % kurang pencapaian target Toko | G110: =G106/G102% -> 89.5
A112: Total jumlah LITER pencapaian target Toko | G112: =F99+F84+F69+F53+F38+F18 -> 1008
A114: Total nilai Jumlah RUPIAH Toko yang ditarget | G114: =G99+G84+G69+G53+G38+G18 -> 38041920

Sheet Osmocote
A1: PENJUALAN PRODAK YANG DIPROGAM BERDASARKAN PENCAPAIAN TOKO
A2: =GDSL!A2 -> TAHUN 2026
A3: PRODUK | B3: O S M O C O T E | J3: TARGET | K3: PELUNASAN
A4: TOKO | B4: S U M B E R M A K M U R A G R O I N D O - J O M B A N G | J4: 250
A5: TANGGAL | B5: No. SPB | C5: KEMASAN | G5: JUMLAH | H5: JUMLAH | J5: KURANG | K5: TANGGAL | L5: TEMPO
C6: 100 Gr | D6: 500 Gr | E6: 100 Gr | F6: 500 gr+Te | G6: KG | H6: RUPIAH | I6: DUS | J6: DUS | L6: HARI
C7: 6-13-25 | D7: 6-13-25 | E7: Daun&Rata | F7: Daun&Rata
A8: Berlaku | B8: 45550 | C8: 757020 | D8: 1556220 | E8: 767010 | F8: 1633920 | H8: 0.95
G9: =C9*4+D9*12+E9*4+F9*12 -> 0 | H9: =(F9*F$8+C9*C$8+D9*D$8+E9*E$8)*H$8 -> 0 | I9: =C9+D9+E9+F9 -> 0 | J9: =J4-I9 -> 250 | L9: =K9-A9 -> 0
G10: =C10*4+D10*12+E10*4+F10*12 -> 0 | H10: =(F10*F$8+C10*C$8+D10*D$8+E10*E$8)*H$8 -> 0 | I10: =C10+D10+E10+F10 -> 0 | J10: =J9-I10 -> 250 | L10: =K10-A10 -> 0
G11: =C11*4+D11*12+E11*4+F11*12 -> 0 | H11: =(F11*F$8+C11*C$8+D11*D$8+E11*E$8)*H$8 -> 0 | I11: =C11+D11+E11+F11 -> 0 | J11: =J10-I11 -> 250 | L11: =K11-A11 -> 0
G12: =C12*4+D12*12+E12*4+F12*12 -> 0 | H12: =(F12*F$8+C12*C$8+D12*D$8+E12*E$8)*H$8 -> 0 | I12: =C12+D12+E12+F12 -> 0 | J12: =J11-I12 -> 250 | L12: =K12-A12 -> 0
G13: =C13*4+D13*12+E13*4+F13*12 -> 0 | H13: =(F13*F$8+C13*C$8+D13*D$8+E13*E$8)*H$8 -> 0 | I13: =C13+D13+E13+F13 -> 0 | J13: =J12-I13 -> 250 | L13: =K13-A13 -> 0
G14: =C14*4+D14*12+E14*4+F14*12 -> 0 | H14: =(F14*F$8+C14*C$8+D14*D$8+E14*E$8)*H$8 -> 0 | I14: =C14+D14+E14+F14 -> 0 | J14: =J13-I14 -> 250 | L14: =K14-A14 -> 0
G15: =C15*4+D15*12+E15*4+F15*12 -> 0 | H15: =(F15*F$8+C15*C$8+D15*D$8+E15*E$8)*H$8 -> 0 | I15: =C15+D15+E15+F15 -> 0 | J15: =J14-I15 -> 250 | L15: =K15-A15 -> 0
G16: =C16*4+D16*12+E16*4+F16*12 -> 0 | H16: =(F16*F$8+C16*C$8+D16*D$8+E16*E$8)*H$8 -> 0 | I16: =C16+D16+E16+F16 -> 0 | J16: =J15-I16 -> 250 | L16: =K16-A16 -> 0
G17: =C17*4+D17*12+E17*4+F17*12 -> 0 | H17: =(F17*F$8+C17*C$8+D17*D$8+E17*E$8)*H$8 -> 0 | I17: =C17+D17+E17+F17 -> 0 | J17: =J16-I17 -> 250 | L17: =K17-A17 -> 0
G18: =C18*4+D18*12+E18*4+F18*12 -> 0 | H18: =(F18*F$8+C18*C$8+D18*D$8+E18*E$8)*H$8 -> 0 | I18: =C18+D18+E18+F18 -> 0 | J18: =J17-I18 -> 250 | L18: =K18-A18 -> 0
G19: =C19*4+D19*12+E19*4+F19*12 -> 0 | H19: =(F19*F$8+C19*C$8+D19*D$8+E19*E$8)*H$8 -> 0 | I19: =C19+D19+E19+F19 -> 0 | J19: =J18-I19 -> 250 | L19: =K19-A19 -> 0
A20: Jumlah | C20: =SUM(C9:C19) -> 0 | D20: =SUM(D9:D19) -> 0 | E20: =SUM(E9:E19) -> 0 | F20: =SUM(F9:F19) -> 0 | G20: =SUM(G9:G19) -> 0 | H20: =SUM(H9:H19) -> 0 | I20: =SUM(I9:I19) -> 0 | J20: =J4-I20 -> 250
H21: Capai % | I21: =I20/J4% -> 0 | J21: =J20/J4% -> 100
A23: PRODUK | B23: O S M O C O T E | J23: TARGET | K23: PELUNASAN
A24: TOKO | B24: PT. ANUGERAH TANI SEJATI - SURABAYA | J24: 200
A25: TANGGAL | B25: No. SPB | C25: KEMASAN | G25: JUMLAH | H25: JUMLAH | J25: KURANG | K25: TANGGAL | L25: TEMPO
C26: 100 Gr | D26: 500 Gr | E26: 100 Gr | F26: 500 gr+Te | G26: KG | H26: RUPIAH | I26: DUS | J26: DUS | L26: HARI
C27: 6-13-25 | D27: 6-13-25 | E27: Daun&Rata | F27: Daun&Rata
A28: Berlaku | B28: 45931 | C28: 799200 | D28: 1605060 | E28: 821400 | F28: 1704960
A29: 46051 | B29: 24330 | C29: 0 | D29: 1 | E29: 1 | F29: 1 | G29: =C29*4+D29*4+E29*12+F29*12 -> 28 | H29: =(F29*F$28+C29*C$28+D29*D$28+E29*E$28) -> 4131420 | I29: =C29+D29+E29+F29 -> 3 | J29: =J24-I29 -> 197 | K29: ='[1]Area I '!$D$48 -> 46078 | L29: =K29-A29 -> 27
A30: 46071 | B30: 24336 | C30: 1 | D30: 0 | E30: 1 | F30: 0 | G30: =C30*4+D30*4+E30*12+F30*12 -> 16 | H30: =(F30*F$28+C30*C$28+D30*D$28+E30*E$28) -> 1620600 | I30: =C30+D30+E30+F30 -> 2 | J30: =J29-I30 -> 195 | K30: ='[1]Area I '!$D$49 -> 46094 | L30: =K30-A30 -> 23
A31: 46094 | B31: 24340 | C31: 1 | D31: 1 | E31: 1 | F31: 2 | G31: =C31*4+D31*4+E31*12+F31*12 -> 44 | H31: =(F31*F$28+C31*C$28+D31*D$28+E31*E$28) -> 6635580 | I31: =C31+D31+E31+F31 -> 5 | J31: =J30-I31 -> 190 | K31: ='[1]Area I '!$D$50 -> 0 | L31: =K31-A31 -> -46094
G32: =C32*4+D32*4+E32*12+F32*12 -> 0 | H32: =(F32*F$28+C32*C$28+D32*D$28+E32*E$28) -> 0 | I32: =C32+D32+E32+F32 -> 0 | J32: =J31-I32 -> 190 | L32: =K32-A32 -> 0
G33: =C33*4+D33*4+E33*12+F33*12 -> 0 | H33: =(F33*F$28+C33*C$28+D33*D$28+E33*E$28) -> 0 | I33: =C33+D33+E33+F33 -> 0 | J33: =J32-I33 -> 190 | L33: =K33-A33 -> 0
G34: =C34*4+D34*4+E34*12+F34*12 -> 0 | H34: =(F34*F$28+C34*C$28+D34*D$28+E34*E$28) -> 0 | I34: =C34+D34+E34+F34 -> 0 | J34: =J33-I34 -> 190 | L34: =K34-A34 -> 0
G35: =C35*4+D35*4+E35*12+F35*12 -> 0 | H35: =(F35*F$28+C35*C$28+D35*D$28+E35*E$28) -> 0 | I35: =C35+D35+E35+F35 -> 0 | J35: =J34-I35 -> 190 | L35: =K35-A35 -> 0
G36: =C36*4+D36*4+E36*12+F36*12 -> 0 | H36: =(F36*F$28+C36*C$28+D36*D$28+E36*E$28) -> 0 | I36: =C36+D36+E36+F36 -> 0 | J36: =J35-I36 -> 190 | L36: =K36-A36 -> 0
G37: =C37*4+D37*4+E37*12+F37*12 -> 0 | H37: =(F37*F$28+C37*C$28+D37*D$28+E37*E$28) -> 0 | I37: =C37+D37+E37+F37 -> 0 | J37: =J36-I37 -> 190 | L37: =K37-A37 -> 0
G38: =C38*4+D38*4+E38*12+F38*12 -> 0 | H38: =(F38*F$28+C38*C$28+D38*D$28+E38*E$28) -> 0 | I38: =C38+D38+E38+F38 -> 0 | J38: =J37-I38 -> 190 | L38: =K38-A38 -> 0
G39: =C39*4+D39*4+E39*12+F39*12 -> 0 | H39: =(F39*F$28+C39*C$28+D39*D$28+E39*E$28) -> 0 | I39: =C39+D39+E39+F39 -> 0 | J39: =J38-I39 -> 190 | L39: =K39-A39 -> 0
G40: =C40*4+D40*4+E40*12+F40*12 -> 0 | H40: =(F40*F$28+C40*C$28+D40*D$28+E40*E$28) -> 0 | I40: =C40+D40+E40+F40 -> 0 | J40: =J39-I40 -> 190 | L40: =K40-A40 -> 0
G41: =C41*4+D41*4+E41*12+F41*12 -> 0 | H41: =(F41*F$28+C41*C$28+D41*D$28+E41*E$28) -> 0 | I41: =C41+D41+E41+F41 -> 0 | J41: =J40-I41 -> 190 | L41: =K41-A41 -> 0
G42: =C42*4+D42*4+E42*12+F42*12 -> 0 | H42: =(F42*F$28+C42*C$28+D42*D$28+E42*E$28) -> 0 | I42: =C42+D42+E42+F42 -> 0 | J42: =J41-I42 -> 190 | L42: =K42-A42 -> 0
G43: =C43*4+D43*4+E43*12+F43*12 -> 0 | H43: =(F43*F$28+C43*C$28+D43*D$28+E43*E$28) -> 0 | I43: =C43+D43+E43+F43 -> 0 | J43: =J42-I43 -> 190 | L43: =K43-A43 -> 0
... G48: =C48*4+D48*4+E48*12+F48*12 -> 0 | H48: =(F48*F$28+C48*C$28+D48*D$28+E48*E$28) -> 0 | I48: =C48+D48+E48+F48 -> 0 | J48: =J47-I48 -> 190 | L48: =K48-A48 -> 0
A49: Jumlah | C49: =SUM(C29:C48) -> 2 | D49: =SUM(D29:D48) -> 2 | E49: =SUM(E29:E48) -> 3 | F49: =SUM(F29:F48) -> 3 | G49: =SUM(G29:G48) -> 88 | H49: =SUM(H29:H48) -> 12387600 | I49: =SUM(I29:I48) -> 10 | J49: =J24-I49 -> 190
H50: Capai % | I50: =I49/J24% -> 5 | J50: =J49/J24% -> 95
A53: PRODUK | B53: O S M O C O T E | J53: TARGET | K53: PELUNASAN
A54: TOKO | B54: CV. S U B U R M A K M U R - P O N O R O G O | J54: 250
A55: TANGGAL | B55: No. SPB | C55: KEMASAN | G55: JUMLAH | H55: JUMLAH | J55: KURANG | K55: TANGGAL | L55: TEMPO
C56: 100 Gr | D56: 500 Gr | E56: 100 Gr | F56: 500 gr+Te | G56: KG | H56: RUPIAH | I56: DUS | J56: DUS | L56: HARI
C57: 6-13-25 | D57: 6-13-25 | E57: Daun&Rata | F57: Daun&Rata
A58: Berlaku | B58: 45550 | C58: 757020 | D58: 1556220 | E58: 767010 | F58: 1633920
G59: =C59*4+D59*12+E59*4+F59*12 -> 0 | H59: =(F59*F$58+C59*C$58+D59*D$58+E59*E$58) -> 0 | I59: =C59+D59+E59+F59 -> 0 | J59: =J54-I59 -> 250 | L59: =K59-A59 -> 0
G60: =C60*4+D60*12+E60*4+F60*12 -> 0 | H60: =(F60*F$58+C60*C$58+D60*D$58+E60*E$58) -> 0 | I60: =C60+D60+E60+F60 -> 0 | J60: =J59-I60 -> 250 | L60: =K60-A60 -> 0
G61: =C61*4+D61*12+E61*4+F61*12 -> 0 | H61: =(F61*F$58+C61*C$58+D61*D$58+E61*E$58) -> 0 | I61: =C61+D61+E61+F61 -> 0 | J61: =J60-I61 -> 250 | L61: =K61-A61 -> 0
G62: =C62*4+D62*12+E62*4+F62*12 -> 0 | H62: =(F62*F$58+C62*C$58+D62*D$58+E62*E$58) -> 0 | I62: =C62+D62+E62+F62 -> 0 | J62: =J61-I62 -> 250 | L62: =K62-A62 -> 0
G63: =C63*4+D63*12+E63*4+F63*12 -> 0 | H63: =(F63*F$58+C63*C$58+D63*D$58+E63*E$58) -> 0 | I63: =C63+D63+E63+F63 -> 0 | J63: =J62-I63 -> 250 | L63: =K63-A63 -> 0
G64: =C64*4+D64*12+E64*4+F64*12 -> 0 | H64: =(F64*F$58+C64*C$58+D64*D$58+E64*E$58) -> 0 | I64: =C64+D64+E64+F64 -> 0 | J64: =J63-I64 -> 250 | L64: =K64-A64 -> 0
G65: =C65*4+D65*12+E65*4+F65*12 -> 0 | H65: =(F65*F$58+C65*C$58+D65*D$58+E65*E$58) -> 0 | I65: =C65+D65+E65+F65 -> 0 | J65: =J64-I65 -> 250 | L65: =K65-A65 -> 0
G66: =C66*4+D66*12+E66*4+F66*12 -> 0 | H66: =(F66*F$58+C66*C$58+D66*D$58+E66*E$58) -> 0 | I66: =C66+D66+E66+F66 -> 0 | J66: =J65-I66 -> 250 | L66: =K66-A66 -> 0
G67: =C67*4+D67*12+E67*4+F67*12 -> 0 | H67: =(F67*F$58+C67*C$58+D67*D$58+E67*E$58) -> 0 | I67: =C67+D67+E67+F67 -> 0 | J67: =J66-I67 -> 250 | L67: =K67-A67 -> 0
G68: =C68*4+D68*12+E68*4+F68*12 -> 0 | H68: =(F68*F$58+C68*C$58+D68*D$58+E68*E$58) -> 0 | I68: =C68+D68+E68+F68 -> 0 | J68: =J67-I68 -> 250 | L68: =K68-A68 -> 0
G69: =C69*4+D69*12+E69*4+F69*12 -> 0 | H69: =(F69*F$58+C69*C$58+D69*D$58+E69*E$58) -> 0 | I69: =C69+D69+E69+F69 -> 0 | J69: =J68-I69 -> 250 | L69: =K69-A69 -> 0
A70: Jumlah | C70: =SUM(C59:C69) -> 0 | D70: =SUM(D59:D69) -> 0 | E70: =SUM(E59:E69) -> 0 | F70: =SUM(F59:F69) -> 0 | G70: =SUM(G59:G69) -> 0 | H70: =SUM(H59:H69) -> 0 | I70: =SUM(I59:I69) -> 0 | J70: =J54-I70 -> 250
H71: Capai % | I71: =I70/J54% -> 0 | J71: =J70/J54% -> 100
A74: PRODUK | B74: O S M O C O T E | J74: TARGET | K74: PELUNASAN
A75: TOKO | B75: C V . H A N I - M A D I U N | J75: 200
A76: TANGGAL | B76: No. SPB | C76: KEMASAN | G76: JUMLAH | H76: JUMLAH | J76: KURANG | K76: TANGGAL | L76: TEMPO
C77: 100 Gr | D77: 500 Gr | E77: 100 Gr | F77: 500 gr+Te | G77: KG | H77: RUPIAH | I77: DUS | J77: DUS | L77: HARI
C78: 6-13-25 | D78: 6-13-25 | E78: Daun&Rata | F78: Daun&Rata
A79: Berlaku | B79: 45931 | C79: 799200 | D79: 1605060 | E79: 821400 | F79: 1704960 | H79: 0.95
A80: 46086 | B80: 24339 | C80: 0 | D80: 0 | E80: 3 | F80: 10 | G80: =C80*4+D80*4+E80*12+F80*12 -> 156 | H80: =(F80*F$79+C80*C$79+D80*D$79+E80*E$79)*H$79 -> 18538110 | I80: =C80+D80+E80+F80 -> 13 | J80: =J75-I80 -> 187 | K80: ='[1]Area 2'!$D$49 -> 0 | L80: =K80-A80 -> -46086
G81: =C81*4+D81*4+E81*12+F81*12 -> 0 | H81: =(F81*F$79+C81*C$79+D81*D$79+E81*E$79)*H$79 -> 0 | I81: =C81+D81+E81+F81 -> 0 | J81: =J80-I81 -> 187 | L81: =K81-A81 -> 0
G82: =C82*4+D82*4+E82*12+F82*12 -> 0 | H82: =(F82*F$79+C82*C$79+D82*D$79+E82*E$79)*H$79 -> 0 | I82: =C82+D82+E82+F82 -> 0 | J82: =J81-I82 -> 187 | L82: =K82-A82 -> 0
G83: =C83*4+D83*4+E83*12+F83*12 -> 0 | H83: =(F83*F$79+C83*C$79+D83*D$79+E83*E$79)*H$79 -> 0 | I83: =C83+D83+E83+F83 -> 0 | J83: =J82-I83 -> 187 | L83: =K83-A83 -> 0
G84: =C84*4+D84*4+E84*12+F84*12 -> 0 | H84: =(F84*F$79+C84*C$79+D84*D$79+E84*E$79)*H$79 -> 0 | I84: =C84+D84+E84+F84 -> 0 | J84: =J83-I84 -> 187 | L84: =K84-A84 -> 0
G85: =C85*4+D85*4+E85*12+F85*12 -> 0 | H85: =(F85*F$79+C85*C$79+D85*D$79+E85*E$79)*H$79 -> 0 | I85: =C85+D85+E85+F85 -> 0 | J85: =J84-I85 -> 187 | L85: =K85-A85 -> 0
G86: =C86*4+D86*4+E86*12+F86*12 -> 0 | H86: =(F86*F$79+C86*C$79+D86*D$79+E86*E$79)*H$79 -> 0 | I86: =C86+D86+E86+F86 -> 0 | J86: =J85-I86 -> 187 | L86: =K86-A86 -> 0
G87: =C87*4+D87*4+E87*12+F87*12 -> 0 | H87: =(F87*F$79+C87*C$79+D87*D$79+E87*E$79)*H$79 -> 0 | I87: =C87+D87+E87+F87 -> 0 | J87: =J86-I87 -> 187 | L87: =K87-A87 -> 0
G88: =C88*4+D88*4+E88*12+F88*12 -> 0 | H88: =(F88*F$79+C88*C$79+D88*D$79+E88*E$79)*H$79 -> 0 | I88: =C88+D88+E88+F88 -> 0 | J88: =J87-I88 -> 187 | L88: =K88-A88 -> 0
G89: =C89*4+D89*4+E89*12+F89*12 -> 0 | H89: =(F89*F$79+C89*C$79+D89*D$79+E89*E$79)*H$79 -> 0 | I89: =C89+D89+E89+F89 -> 0 | J89: =J88-I89 -> 187 | L89: =K89-A89 -> 0
G90: =C90*4+D90*4+E90*12+F90*12 -> 0 | H90: =(F90*F$79+C90*C$79+D90*D$79+E90*E$79)*H$79 -> 0 | I90: =C90+D90+E90+F90 -> 0 | J90: =J89-I90 -> 187 | L90: =K90-A90 -> 0
G91: =C91*4+D91*4+E91*12+F91*12 -> 0 | H91: =(F91*F$79+C91*C$79+D91*D$79+E91*E$79)*H$79 -> 0 | I91: =C91+D91+E91+F91 -> 0 | J91: =J90-I91 -> 187 | L91: =K91-A91 -> 0
G92: =C92*4+D92*4+E92*12+F92*12 -> 0 | H92: =(F92*F$79+C92*C$79+D92*D$79+E92*E$79)*H$79 -> 0 | I92: =C92+D92+E92+F92 -> 0 | J92: =J91-I92 -> 187 | L92: =K92-A92 -> 0
... G97: =C97*4+D97*4+E97*12+F97*12 -> 0 | H97: =(F97*F$79+C97*C$79+D97*D$79+E97*E$79)*H$79 -> 0 | I97: =C97+D97+E97+F97 -> 0 | J97: =J96-I97 -> 187 | L97: =K97-A97 -> 0
A98: Jumlah | C98: =SUM(C80:C97) -> 0 | D98: =SUM(D80:D97) -> 0 | E98: =SUM(E80:E97) -> 3 | F98: =SUM(F80:F97) -> 10 | G98: =SUM(G80:G97) -> 156 | H98: =SUM(H80:H97) -> 18538110 | I98: =SUM(I80:I97) -> 13 | J98: =J75-I98 -> 187
H99: Capai % | I99: =I98/J75% -> 6.5 | J99: =J98/J75% -> 93.5
A102: PRODUK | B102: O S M O C O T E | J102: TARGET | K102: PELUNASAN
A103: TOKO | B103: PT. T A N I S E J A T I M A N D I R I - M A L A N G | J103: 400
A104: TANGGAL | B104: No. SPB | C104: KEMASAN | G104: JUMLAH | H104: JUMLAH | J104: KURANG | K104: TANGGAL | L104: TEMPO
C105: 100 Gr | D105: 500 Gr | E105: 100 Gr | F105: 500 gr+Te | G105: KG | H105: RUPIAH | I105: DUS | J105: DUS | L105: HARI
C106: 6-13-25 | D106: 6-13-25 | E106: Daun&Rata | F106: Daun&Rata
A107: Berlaku | B107: 45550 | C107: 757020 | D107: 1556220 | E107: 767010 | F107: 1633920 | H107: 0.95
G108: =C108*4+D108*4+E108*12+F108*12 -> 0 | H108: =( F108*F$107+C108*C$107+D108*D$107+E108*E$107 )*H$107 -> 0 | I108: =C108+D108+E108+F108 -> 0 | J108: =J103-I108 -> 400 | L108: =K108-A108 -> 0
G109: =C109*4+D109*4+E109*12+F109*12 -> 0 | H109: =( F109*F$107+C109*C$107+D109*D$107+E109*E$107 )*H$107 -> 0 | I109: =C109+D109+E109+F109 -> 0 | J109: =J108-I109 -> 400 | L109: =K109-A109 -> 0
G110: =C110*4+D110*4+E110*12+F110*12 -> 0 | H110: =( F110*F$107+C110*C$107+D110*D$107+E110*E$107 )*H$107 -> 0 | I110: =C110+D110+E110+F110 -> 0 | J110: =J109-I110 -> 400 | L110: =K110-A110 -> 0
G111: =C111*4+D111*4+E111*12+F111*12 -> 0 | H111: =( F111*F$107+C111*C$107+D111*D$107+E111*E$107 )*H$107 -> 0 | I111: =C111+D111+E111+F111 -> 0 | J111: =J110-I111 -> 400 | L111: =K111-A111 -> 0
G112: =C112*4+D112*4+E112*12+F112*12 -> 0 | H112: =( F112*F$107+C112*C$107+D112*D$107+E112*E$107 )*H$107 -> 0 | I112: =C112+D112+E112+F112 -> 0 | J112: =J111-I112 -> 400 | L112: =K112-A112 -> 0
G113: =C113*4+D113*4+E113*12+F113*12 -> 0 | H113: =( F113*F$107+C113*C$107+D113*D$107+E113*E$107 )*H$107 -> 0 | I113: =C113+D113+E113+F113 -> 0 | J113: =J112-I113 -> 400 | L113: =K113-A113 -> 0
G114: =C114*4+D114*4+E114*12+F114*12 -> 0 | H114: =( F114*F$107+C114*C$107+D114*D$107+E114*E$107 )*H$107 -> 0 | I114: =C114+D114+E114+F114 -> 0 | J114: =J113-I114 -> 400 | L114: =K114-A114 -> 0
G115: =C115*4+D115*4+E115*12+F115*12 -> 0 | H115: =( F115*F$107+C115*C$107+D115*D$107+E115*E$107 )*H$107 -> 0 | I115: =C115+D115+E115+F115 -> 0 | J115: =J114-I115 -> 400 | L115: =K115-A115 -> 0
...

Sheet Dkm Cair
A1: PENJUALAN PRODAK YANG DIPROGAM BERDASARKAN PENCAPAIAN TOKO
A2: =GDSL!A2 -> TAHUN 2026
A3: PRODUK | B3: D E K A M O N 22 , 43 L | I3: TARGET | J3: PELUNASAN | L3: 46077
A4: TOKO | B4: PT. S U M B E R M A K M U R - J O M B A N G | I4: 400
A5: TANGGAL | B5: No. SPB | C5: KEMASAN | F5: J U M L A H | I5: KURANG | J5: TANGGAL | K5: TEMPO
C6: 100 CC | D6: 500 CC | E6: 1 Liter | F6: LITER | G6: RUPIAH | H6: DUS | I6: DUS | K6: HARI
A7: berlaku | B7: 45931 | C7: 985680 | D7: 1287600 | F7: 0.97
F8: =(C8*5+D8*20+E8*12) -> 0 | G8: =(C8*C$7+D8*D$7+E8*E$7)*F$7 -> 0 | H8: =C8+D8+E8 -> 0 | I8: =I4-H8 -> 400 | K8: =J8-A8 -> 0
F9: =(C9*5+D9*20+E9*12) -> 0 | G9: =(C9*C$7+D9*D$7+E9*E$7)*F$7 -> 0 | H9: =C9+D9+E9 -> 0 | I9: =I8-H9 -> 400 | K9: =J9-A9 -> 0
F10: =(C10*5+D10*20+E10*12) -> 0 | G10: =(C10*C$7+D10*D$7+E10*E$7)*F$7 -> 0 | H10: =C10+D10+E10 -> 0 | I10: =I9-H10 -> 400 | K10: =J10-A10 -> 0
A11: Jumlah | C11: =SUM(C8:C10) -> 0 | D11: =SUM(D8:D10) -> 0 | E11: =SUM(E8:E10) -> 0 | F11: =SUM(F8:F10) -> 0 | G11: =SUM(G8:G10) -> 0 | H11: =SUM(H8:H10) -> 0 | I11: =I4-H11 -> 400
G12: Capai % | H12: =H11/I4% -> 0 | I12: =I11/I4% -> 100
A14: PRODUK | B14: D E K A M O N 22 , 43 L | I14: TARGET | J14: PELUNASAN | L14: 46072
A15: TOKO | B15: CV. S U B U R M A K M U R - P O N O R O G O | I15: 600
A16: TANGGAL | B16: No. SPB | C16: KEMASAN | F16: J U M L A H | I16: KURANG | J16: TANGGAL | K16: TEMPO
C17: 100 CC | D17: 500 CC | E17: 1 Liter | F17: LITER | G17: RUPIAH | H17: DUS | I17: DUS | K17: HARI
A18: berlaku | B18: 45931 | C18: 985680 | D18: 1287600 | F18: 0.97
A19: 46044 | B19: 24327 | C19: 50 | D19: 0 | E19: 0 | F19: =(C19*5+D19*20+E19*12) -> 250 | G19: =(C19*C$18+D19*D$18+E19*E$18)*F$18 -> 47805480 | H19: =C19+D19+E19 -> 50 | I19: =I15-H19 -> 550 | J19: ='[1]Area 2'!$D$12 -> 0 | K19: =J19-A19 -> -46044
F20: =(C20*5+D20*20+E20*12) -> 0 | G20: =(C20*C$18+D20*D$18+E20*E$18)*F$18 -> 0 | H20: =C20+D20+E20 -> 0 | I20: =I19-H20 -> 550 | K20: =J20-A20 -> 0
F21: =(C21*5+D21*20+E21*12) -> 0 | G21: =(C21*C$18+D21*D$18+E21*E$18)*F$18 -> 0 | H21: =C21+D21+E21 -> 0 | I21: =I20-H21 -> 550 | K21: =J21-A21 -> 0
F22: =(C22*5+D22*20+E22*12) -> 0 | G22: =(C22*C$18+D22*D$18+E22*E$18)*F$18 -> 0 | H22: =C22+D22+E22 -> 0 | I22: =I21-H22 -> 550 | K22: =J22-A22 -> 0
F23: =(C23*5+D23*20+E23*12) -> 0 | G23: =(C23*C$18+D23*D$18+E23*E$18)*F$18 -> 0 | H23: =C23+D23+E23 -> 0 | I23: =I22-H23 -> 550 | K23: =J23-A23 -> 0
F24: =(C24*5+D24*20+E24*12) -> 0 | G24: =(C24*C$18+D24*D$18+E24*E$18)*F$18 -> 0 | H24: =C24+D24+E24 -> 0 | I24: =I23-H24 -> 550 | K24: =J24-A24 -> 0
F25: =(C25*5+D25*20+E25*12) -> 0 | G25: =(C25*C$18+D25*D$18+E25*E$18)*F$18 -> 0 | H25: =C25+D25+E25 -> 0 | I25: =I24-H25 -> 550 | K25: =J25-A25 -> 0
F26: =(C26*5+D26*20+E26*12) -> 0 | G26: =(C26*C$18+D26*D$18+E26*E$18)*F$18 -> 0 | H26: =C26+D26+E26 -> 0 | I26: =I25-H26 -> 550 | K26: =J26-A26 -> 0
F27: =(C27*5+D27*20+E27*12) -> 0 | G27: =(C27*C$18+D27*D$18+E27*E$18)*F$18 -> 0 | H27: =C27+D27+E27 -> 0 | I27: =I26-H27 -> 550 | K27: =J27-A27 -> 0
F28: =(C28*5+D28*20+E28*12) -> 0 | G28: =(C28*C$18+D28*D$18+E28*E$18)*F$18 -> 0 | H28: =C28+D28+E28 -> 0 | I28: =I27-H28 -> 550 | K28: =J28-A28 -> 0
F29: =(C29*5+D29*20+E29*12) -> 0 | G29: =(C29*C$18+D29*D$18+E29*E$18)*F$18 -> 0 | H29: =C29+D29+E29 -> 0 | I29: =I28-H29 -> 550 | K29: =J29-A29 -> 0
A30: Jumlah | C30: =SUM(C19:C29) -> 50 | D30: =SUM(D19:D29) -> 0 | E30: =SUM(E19:E29) -> 0 | F30: =SUM(F19:F29) -> 250 | G30: =SUM(G19:G29) -> 47805480 | H30: =SUM(H19:H29) -> 50 | I30: =I15-H30 -> 550
G31: Capai % | H31: =H30/I15% -> 8.3333333 | I31: =I30/I15% -> 91.666667
A34: PRODUK | B34: D E K A M O N 22 , 43 L | I34: TARGET | J34: PELUNASAN | L34: 46062
A35: TOKO | B35: K A R I S M A I N D O A G R O - J E M B E R | I35: 1200
A36: TANGGAL | B36: No. SPB | C36: KEMASAN | F36: J U M L A H | I36: KURANG | J36: TANGGAL | K36: TEMPO
C37: 100 CC | D37: 500 CC | E37: 1 Liter | F37: LITER | G37: RUPIAH | H37: DUS | I37: DUS | K37: HARI
A38: berlaku | B38: 45931 | C38: 985680 | D38: 1287600 | E38: 1518480 | F38: 0.97
A39: 46034 | B39: 24278 | C39: 0 | D39: 0 | E39: 10 | F39: =(C39*5+D39*20+E39*12) -> 120 | G39: =(C39*C$38+D39*D$38+E39*E$38)*F$38 -> 14729256 | H39: =C39+D39+E39 -> 10 | I39: =I35-H39 -> 1190 | J39: ='[1]Area 3'!$D$12 -> 46063 | K39: =J39-A39 -> 29
A40: 46055 | B40: 24282 | C40: 0 | D40: 100 | E40: 25 | F40: =(C40*5+D40*20+E40*12) -> 2300 | G40: =(C40*C$38+D40*D$38+E40*E$38)*F$38 -> 161720340 | H40: =C40+D40+E40 -> 125 | I40: =I39-H40 -> 1065 | J40: ='[1]Area 3'!$D$15 -> 46084 | K40: =J40-A40 -> 29
F41: =(C41*5+D41*20+E41*12) -> 0 | G41: =(C41*C$38+D41*D$38+E41*E$38)*F$38 -> 0 | H41: =C41+D41+E41 -> 0 | I41: =I40-H41 -> 1065 | K41: =J41-A41 -> 0
F42: =(C42*5+D42*20+E42*12) -> 0 | G42: =(C42*C$38+D42*D$38+E42*E$38)*F$38 -> 0 | H42: =C42+D42+E42 -> 0 | I42: =I41-H42 -> 1065 | K42: =J42-A42 -> 0
F43: =(C43*5+D43*20+E43*12) -> 0 | G43: =(C43*C$38+D43*D$38+E43*E$38)*F$38 -> 0 | H43: =C43+D43+E43 -> 0 | I43: =I42-H43 -> 1065 | K43: =J43-A43 -> 0
F44: =(C44*5+D44*20+E44*12) -> 0 | G44: =(C44*C$38+D44*D$38+E44*E$38)*F$38 -> 0 | H44: =C44+D44+E44 -> 0 | I44: =I43-H44 -> 1065 | K44: =J44-A44 -> 0
F45: =(C45*5+D45*20+E45*12) -> 0 | G45: =(C45*C$38+D45*D$38+E45*E$38)*F$38 -> 0 | H45: =C45+D45+E45 -> 0 | I45: =I44-H45 -> 1065 | K45: =J45-A45 -> 0
F46: =(C46*5+D46*20+E46*12) -> 0 | G46: =(C46*C$38+D46*D$38+E46*E$38)*F$38 -> 0 | H46: =C46+D46+E46 -> 0 | I46: =I45-H46 -> 1065 | K46: =J46-A46 -> 0
F47: =(C47*5+D47*20+E47*12) -> 0 | G47: =(C47*C$38+D47*D$38+E47*E$38)*F$38 -> 0 | H47: =C47+D47+E47 -> 0 | I47: =I46-H47 -> 1065 | K47: =J47-A47 -> 0
F48: =(C48*5+D48*20+E48*12) -> 0 | G48: =(C48*C$38+D48*D$38+E48*E$38)*F$38 -> 0 | H48: =C48+D48+E48 -> 0 | I48: =I47-H48 -> 1065 | K48: =J48-A48 -> 0
F49: =(C49*5+D49*20+E49*12) -> 0 | G49: =(C49*C$38+D49*D$38+E49*E$38)*F$38 -> 0 | H49: =C49+D49+E49 -> 0 | I49: =I48-H49 -> 1065 | K49: =J49-A49 -> 0
F50: =(C50*5+D50*20+E50*12) -> 0 | G50: =(C50*C$38+D50*D$38+E50*E$38)*F$38 -> 0 | H50: =C50+D50+E50 -> 0 | I50: =I49-H50 -> 1065 | K50: =J50-A50 -> 0
F51: =(C51*5+D51*20+E51*12) -> 0 | G51: =(C51*C$38+D51*D$38+E51*E$38)*F$38 -> 0 | H51: =C51+D51+E51 -> 0 | I51: =I50-H51 -> 1065 | K51: =J51-A51 -> 0
F52: =(C52*5+D52*20+E52*12) -> 0 | G52: =(C52*C$38+D52*D$38+E52*E$38)*F$38 -> 0 | H52: =C52+D52+E52 -> 0 | I52: =I51-H52 -> 1065 | K52: =J52-A52 -> 0
... F60: =(C60*5+D60*20+E60*12) -> 0 | G60: =(C60*C$38+D60*D$38+E60*E$38)*F$38 -> 0 | H60: =C60+D60+E60 -> 0 | I60: =I59-H60 -> 1065 | K60: =J60-A60 -> 0
A61: Jumlah | C61: =SUM(C39:C60) -> 0 | D61: =SUM(D39:D60) -> 100 | E61: =SUM(E39:E60) -> 35 | F61: =SUM(F39:F60) -> 2420 | G61: =SUM(G39:G60) -> 176449596 | H61: =SUM(H39:H60) -> 135 | I61: =I35-H61 -> 1065
G62: Capai % | H62: =H61/I35% -> 11.25 | I62: =I61/I35% -> 88.75
A65: PRODUK | B65: D E K A M O N 22 , 43 L | I65: TARGET | J65: PELUNASAN | L65: 46062
A66: TOKO | B66: CV. A N U G E R A H A G R O M - B A N Y U W A N G I | I66: 700
A67: TANGGAL | B67: No. SPB | C67: KEMASAN | F67: J U M L A H | I67: KURANG | J67: TANGGAL | K67: TEMPO
C68: 100 CC | D68: 500 CC | E68: 1 Liter | F68: LITER | G68: RUPIAH | H68: DUS | I68: DUS | K68: HARI
A69: berlaku | B69: 45931 | C69: 825840 | D69: 1287600 | E69: 1470750 | F69: 0.97
F70: =(D70*20 ) -> 0 | G70: =(D70*D$69)*F$69 -> 0 | H70: =C70+D70+E70 -> 0 | I70: =I66-H70 -> 700 | K70: =J70-A70 -> 0
F71: =(D71*20 ) -> 0 | G71: =(D71*D$69)*F$69 -> 0 | H71: =C71+D71+E71 -> 0 | I71: =I70-H71 -> 700 | K71: =J71-A71 -> 0
F72: =(D72*20 ) -> 0 | G72: =(D72*D$69)*F$69 -> 0 | H72: =C72+D72+E72 -> 0 | I72: =I71-H72 -> 700 | K72: =J72-A72 -> 0
F73: =(D73*20 ) -> 0 | G73: =(D73*D$69)*F$69 -> 0 | H73: =C73+D73+E73 -> 0 | I73: =I72-H73 -> 700 | K73: =J73-A73 -> 0
F74: =(D74*20 ) -> 0 | G74: =(D74*D$69)*F$69 -> 0 | H74: =C74+D74+E74 -> 0 | I74: =I73-H74 -> 700 | K74: =J74-A74 -> 0
F75: =(D75*20 ) -> 0 | G75: =(D75*D$69)*F$69 -> 0 | H75: =C75+D75+E75 -> 0 | I75: =I74-H75 -> 700 | K75: =J75-A75 -> 0
F76: =(D76*20 ) -> 0 | G76: =(D76*D$69)*F$69 -> 0 | H76: =C76+D76+E76 -> 0 | I76: =I75-H76 -> 700 | K76: =J76-A76 -> 0
F77: =(D77*20 ) -> 0 | G77: =(D77*D$69)*F$69 -> 0 | H77: =C77+D77+E77 -> 0 | I77: =I76-H77 -> 700 | K77: =J77-A77 -> 0
F78: =(D78*20 ) -> 0 | G78: =(D78*D$69)*F$69 -> 0 | H78: =C78+D78+E78 -> 0 | I78: =I77-H78 -> 700 | K78: =J78-A78 -> 0
F79: =(D79*20 ) -> 0 | G79: =(D79*D$69)*F$69 -> 0 | H79: =C79+D79+E79 -> 0 | I79: =I78-H79 -> 700 | K79: =J79-A79 -> 0
A80: Jumlah | C80: =SUM(C70:C79) -> 0 | D80: =SUM(D70:D79) -> 0 | E80: =SUM(E70:E79) -> 0 | F80: =SUM(F70:F79) -> 0 | G80: =SUM(G70:G79) -> 0 | H80: =SUM(H70:H79) -> 0 | I80: =I66-H80 -> 700
G81: Capai % | H81: =H80/I66% -> 0 | I81: =I80/I66% -> 100
A84: PRODUK | B84: D E K A M O N 22 , 43 L | I84: TARGET | J84: PELUNASAN | L84: 46062
A85: TOKO | B85: PT. TUNAS ABADI INDOAGRO - BANYUWANGI | I85: 300
C86: 100 CC | D86: 500 CC | E86: 1 Liter | F86: LITER | G86: RUPIAH | H86: DUS | I86: DUS | K86: HARI
A87: berlaku | B87: 45931 | D87: 1287600 | F87: 0.97
F88: =(D88*20 ) -> 0 | G88: =(C88*C$87+D88*D$87+E88*E$87)*F$87 -> 0 | H88: =C88+D88+E88 -> 0 | I88: =I85-H88 -> 300 | K88: =J88-A88 -> 0
F89: =(D89*20 ) -> 0 | G89: =(C89*C$87+D89*D$87+E89*E$87)*F$87 -> 0 | H89: =C89+D89+E89 -> 0 | I89: =I88-H89 -> 300 | K89: =J89-A89 -> 0
F90: =(D90*20 ) -> 0 | G90: =(C90*C$87+D90*D$87+E90*E$87)*F$87 -> 0 | H90: =C90+D90+E90 -> 0 | I90: =I89-H90 -> 300
F91: =(D91*20 ) -> 0 | G91: =(C91*C$87+D91*D$87+E91*E$87)*F$87 -> 0 | H91: =C91+D91+E91 -> 0 | I91: =I90-H91 -> 300
F92: =(D92*20 ) -> 0 | G92: =(C92*C$87+D92*D$87+E92*E$87)*F$87 -> 0 | H92: =C92+D92+E92 -> 0 | I92: =I91-H92 -> 300
A93: Jumlah | D93: =SUM(D88:D92) -> 0 | E93: =SUM(E88:E92) -> 0 | F93: =SUM(F88:F92) -> 0 | G93: =SUM(G83:G92) -> 0 | H93: =SUM(H83:H92) -> 0 | I93: =I92-H93 -> 300
G94: Capai % | H94: =H93/I79% -> 0 | I94: =I93/I85% -> 100
A96: PRODUK | B96: D E K A M O N 22 , 43 L | I96: TARGET | J96: PELUNASAN
A97: TOKO | B97: CV. S A R A N A C I P T A A G R O - B A L I | I97: 25
A98: TANGGAL | B98: No. SPB | C98: KEMASAN | F98: J U M L A H | I98: KURANG | J98: TANGGAL | K98: TEMPO
C99: 100 CC | D99: 500 CC | E99: 1 Liter | F99: LITER | G99: RUPIAH | H99: DUS | I99: DUS | K99: HARI
A100: berlaku | B100: 46296 | C100: 985680 | D100: 1207680
F101: =(C101*5+D101*20+E101*12) -> 0 | G101: =(C101*C$100+D101*D$100+E101*E$100) -> 0 | H101: =C101+D101+E101 -> 0 | I101: =I97-H101 -> 25 | K101: =J101-A101 -> 0
E102: 0 | F102: =(C102*5+D102*20+E102*12) -> 0 | G102: =(C102*C$100+D102*D$100+E102*E$100) -> 0 | H102: =C102+D102+E102 -> 0 | I102: =I101-H102 -> 25 | K102: =J102-A102 -> 0
F103: =(C103*5+D103*20+E103*12) -> 0 | G103: =(C103*C$100+D103*D$100+E103*E$100) -> 0 | H103: =C103+D103+E103 -> 0 | I103: =I102-H103 -> 25
F104: =(C104*5+D104*20+E104*12) -> 0 | G104: =(C104*C$100+D104*D$100+E104*E$100) -> 0 | H104: =C104+D104+E104 -> 0 | I104: =I103-H104 -> 25
A105: Jumlah | C105: =SUM(C101:C104) -> 0 | D105: =SUM(D101:D104) -> 0 | E105: =SUM(E100:E104) -> 0 | F105: =SUM(F100:F104) -> 0 | G105: =SUM(G96:G104) -> 0 | H105: =SUM(H96:H104) -> 0 | I105: =I104-H105 -> 25
A108: PRODUK | B108: D E K A M O N 22 , 43 L | I108: TARGET | J108: PELUNASAN | L108: 46083
A109: TOKO | B109: PT. T A N I S E J A T I M A N D I R I - M A L A N G | I109: 100
A110: TANGGAL | B110: No. SPB | C110: KEMASAN | F110: J U M L A H | I110: KURANG | J110: TANGGAL | K110: TEMPO
C111: 100 CC | D111: 500 CC | E111: 1 Liter | F111: LITER | G111: RUPIAH | H111: DUS | I111: DUS | K111: HARI
A112: berlaku | B112: 45931 | C112: 985680 | D112: 1287600 | E112: 1518480
F113: =(C113*5+D113*20+E113*12) -> 0 | G113: =(C113*C$112+D113*D$112+E113*E$112) -> 0 | H113: =C113+D113+E113 -> 0 | I113: =I109-H113 -> 100 | K113: =J113-A113 -> 0
F114: =(C114*5+D114*20+E114*12) -> 0 | G114: =(C114*C$112+D114*D$112+E114*E$112) -> 0 | H114: =C114+D114+E114 -> 0 | I114: =I113-H114 -> 100 | K114: =J114-A114 -> 0
F115: =(C115*5+D115*20+E115*12) -> 0 | G115: =(C115*C$112+D115*D$112+E115*E$112) -> 0 | H115: =C115+D115+E115 -> 0 | I115: =I114-H115 -> 100 | K115: =J115-A115 -> 0
F116: =(C116*5+D116*20+E116*12) -> 0 | G116: =(C116*C$112+D116*D$112+E116*E$112) -> 0 | H116: =C116+D116+E116 -> 0 | I116: =I115-H116 -> 100 | K116: =J116-A116 -> 0
F117: =(C117*5+D117*20+E117*12) -> 0 | G117: =(C117*C$112+D117*D$112+E117*E$112) -> 0 | H117: =C117+D117+E117 -> 0 | I117: =I116-H117 -> 100 | K117: =J117-A117 -> 0
...

Sheet Dkm 1,2
A1: PENJUALAN PRODAK YANG DIPROGAM BERDASARKAN PENCAPAIAN TOKO
A2: =GDSL!A2 -> TAHUN 2026
A3: PRODUK | B3: D E K A M O N 1 , 2 G | G3: TARGET | H3: PELUNASAN | J3: 46077
A4: TOKO | B4: SUMBER MAKMUR AGROINDO - JOMBANG | G4: 100
A5: TANGGAL | B5: NO. SPB | C5: KEMASAN | D5: JUMLAH | E5: J U M L A H | G5: KURANG | H5: TANGGAL | I5: TEMPO
C6: 1 KG | D6: KG | E6: RUPIAH | F6: DUS | G6: DUS | I6: HARI
A7: berlaku | B7: 45931 | C7: 777000 | D7: 10
A8: 46048 | B8: 24328 | C8: 35 | D8: =(C8*10 ) -> 350 | E8: =(C8*C$7) -> 27195000 | F8: =C8 -> 35 | G8: =G4-F8 -> 65 | H8: ='[1]Area I '!$D$13 -> 46083 | I8: =H8-A8 -> 35
D9: =(C9*10 ) -> 0 | E9: =(C9*C$7) -> 0 | F9: =C9 -> 0 | G9: =G8-F9 -> 65 | I9: =H9-A9 -> 0
D10: =(C10*10 ) -> 0 | E10: =(C10*C$7) -> 0 | F10: =C10 -> 0 | G10: =G9-F10 -> 65 | I10: =H10-A10 -> 0
D11: =(C11*10 ) -> 0 | E11: =(C11*C$7) -> 0 | F11: =C11 -> 0 | G11: =G10-F11 -> 65 | I11: =H11-A11 -> 0
D12: =(C12*10 ) -> 0 | E12: =(C12*C$7) -> 0 | F12: =C12 -> 0 | G12: =G11-F12 -> 65 | I12: =H12-A12 -> 0
D13: =(C13*10 ) -> 0 | E13: =(C13*C$7) -> 0 | F13: =C13 -> 0 | G13: =G12-F13 -> 65 | I13: =H13-A13 -> 0
A14: Jumlah | C14: =SUM(C8:C13) -> 35 | D14: =SUM(D8:D13) -> 350 | E14: =SUM(E8:E13) -> 27195000 | F14: =SUM(F8:F13) -> 35 | G14: =G4-F14 -> 65
E15: Capai % | F15: =F14/G4% -> 35 | G15: =G14/G4% -> 65
A18: PRODUK | B18: D E K A M O N 1 , 2 G | G18: TARGET | H18: PELUNASAN | J18: 46062
A19: TOKO | B19: PT. TUNAS ABADI INDOAGRO - BANYUWANGI | G19: 100
A20: TANGGAL | B20: NO. SPB | C20: KEMASAN | D20: JUMLAH | E20: J U M L A H | G20: KURANG | H20: TANGGAL | I20: TEMPO
C21: 1 KG | D21: KG | E21: RUPIAH | F21: DUS | G21: DUS | I21: HARI
A22: berlaku | B22: 45550 | C22: 735930 | D22: 10
E23: =(C23*C$22) -> 0 | F23: =C23 -> 0 | G23: =G19-F23 -> 100 | I23: =H23-A23 -> 0
E24: =(C24*C$22) -> 0 | F24: =C24 -> 0 | G24: =G23-G24 -> 0 | I24: =H24-A24 -> 0
D25: =(C25*10 ) -> 0 | E25: =(C25*C$22) -> 0 | F25: =C25 -> 0 | G25: =G24-G25 -> 0 | I25: =H25-A25 -> 0
D26: =(C26*10 ) -> 0 | E26: =(C26*C$22) -> 0 | F26: =C26 -> 0 | G26: =G25-G26 -> 0 | I26: =H26-A26 -> 0
A27: Jumlah | C27: =SUM(C23:C23) -> 0 | D27: =SUM(D23:D26) -> 0 | E27: =SUM(E23:E23) -> 0 | F27: =SUM(F23:F23) -> 0 | G27: =G19-F27 -> 100
E28: Capai % | F28: =F27/G19% -> 0 | G28: =G27/G19% -> 100
A31: PRODUK | B31: D E K A M O N 1 , 2 G | G31: TARGET | H31: PELUNASAN
A32: TOKO | B32: PT. SENTRA AGRONUSA BHAKTI - SURABAYA | G32: 100
A33: TANGGAL | C33: KEMASAN | D33: JUMLAH | E33: J U M L A H | G33: KURANG | H33: TANGGAL | I33: TEMPO
C34: 1 KG | D34: KG | E34: RUPIAH | F34: DUS | G34: DUS | I34: HARI
A35: berlaku | B35: 45550 | C35: 735930 | D35: 10
D36: =(C36*10 ) -> 0 | E36: =(C36*C$35) -> 0 | F36: =C36 -> 0 | G36: =G32-F36 -> 100 | I36: =H36-A36 -> 0
D37: =(C37*10 ) -> 0 | E37: =(C37*C$35) -> 0 | F37: =C37 -> 0 | G37: =G36-G37 -> 0 | I37: =H37-A37 -> 0
D38: =(C38*10 ) -> 0 | E38: =(C38*C$35) -> 0 | F38: =C38 -> 0 | G38: =G37-G38 -> 0 | I38: =H38-A38 -> 0
D39: =(C39*10 ) -> 0 | E39: =(C39*C$35) -> 0 | F39: =C39 -> 0 | G39: =G38-G39 -> 0 | I39: =H39-A39 -> 0
D40: =(C40*10 ) -> 0 | E40: =(C40*C$35) -> 0 | F40: =C40 -> 0 | G40: =G39-G40 -> 0 | I40: =H40-A40 -> 0
D41: =(C41*10 ) -> 0 | E41: =(C41*C$35) -> 0
D42: =(C42*10 ) -> 0 | E42: =(C42*C$35) -> 0
A43: Jumlah | C43: =SUM(C36:C42) -> 0 | D43: =SUM(D36:D42) -> 0 | E43: =SUM(E36:E42) -> 0 | F43: =SUM(F36:F42) -> 0 | G43: =G32-F43 -> 100
E44: Capai % | F44: =F43/G32% -> 0 | G44: =G43/G32% -> 100
A48: Total Jumlah DUS DEKAMON 1,2 G Toko yang ditarget | F48: =G32+G19+G4 -> 300
A50: Total Jumlah DUS pencapaian Toko yang ditarget | F50: =F43+F27+F14 -> 35
A52: Total jumlah kekurangan DUS capai target | F52: =F48-F50 -> 265
A54: Rata-2 % pencapaian target Toko | F54: =F50/F48% -> 11.666667
A56: Rata-2 % kurang pencapaian target Toko | F56: =F52/F48% -> 88.333333
A58: Total jumlah Kg pencapaian target Toko | F58: =D43+D27+D14 -> 350
A60: Total nilai Jumlah RUPIAH Toko yang ditarget | F60: =E43+E27+E14 -> 27195000

Sheet Dekabond
A1: PENJUALAN PRODAK YANG DIPROGAM BERDASARKAN PENCAPAIAN TOKO
A2: =GDSL!A2 -> TAHUN 2026
A3: PRODUK | B3: D E K A B O N D | H3: TARGET | I3: PELUNASAN | K3: 46072
A4: TOKO | B4: CV. SUBUR MAKMUR - PONOROGO | H4: 150
A5: TANGGAL | B5: NO. SPB | C5: KEMASAN | F5: J U M L A H | H5: KURANG | I5: TANGGAL | J5: TEMPO
C6: 100 cc | D6: 500 cc | E6: 1000 cc | F6: DUS | G6: RUPIAH | H6: KG | J6: HARI
A7: berlaku | C7: 1276500 | D7: 2220000
A8: 46072 | B8: 24335 | C8: 0 | D8: 25 | E8: 0 | F8: =C8+D8+E8 -> 25 | G8: =(C8*C$7+D8*D$7+E8*E$7) -> 55500000 | H8: =H4-F8 -> 125 | I8: ='[1]Area 2'!$D$13 -> 0 | J8: =I8-A8 -> -46072
E9: 0 | F9: =C9+D9+E9 -> 0 | G9: =(C9*C$7+D9*D$7+E9*E$7) -> 0 | H9: =H8-F9 -> 125 | J9: =I9-A9 -> 0
E10: 0 | F10: =C10+D10+E10 -> 0 | G10: =(C10*C$7+D10*D$7+E10*E$7) -> 0 | H10: =H9-F10 -> 125 | J10: =I10-A10 -> 0
E11: 0 | F11: =C11+D11+E11 -> 0 | G11: =(C11*C$7+D11*D$7+E11*E$7) -> 0 | H11: =H10-F11 -> 125 | J11: =I11-A11 -> 0
E12: 0 | F12: =C12+D12+E12 -> 0 | G12: =(C12*C$7+D12*D$7+E12*E$7) -> 0 | H12: =H11-F12 -> 125 | J12: =I12-A12 -> 0
E13: 0 | F13: =C13+D13+E13 -> 0 | G13: =(C13*C$7+D13*D$7+E13*E$7) -> 0 | H13: =H12-F13 -> 125 | J13: =I13-A13 -> 0
E14: 0 | F14: =C14+D14+E14 -> 0 | G14: =(C14*C$7+D14*D$7+E14*E$7) -> 0 | H14: =H13-F14 -> 125 | J14: =I14-A14 -> 0
D15: 0 | E15: 0 | F15: =C15+D15+E15 -> 0 | G15: =(C15*C$7+D15*D$7+E15*E$7) -> 0 | H15: =H14-F15 -> 125 | J15: =I15-A15 -> 0
A16: Jumlah | C16: =SUM(C8:C15) -> 0 | D16: =SUM(D8:D15) -> 25 | E16: =SUM(E8:E15) -> 0 | F16: =SUM(F8:F15) -> 25 | G16: =SUM(G8:G15) -> 55500000 | H16: =H4-F16 -> 125
G17: Capai % | H17: =F8/H4 % -> 16.666667
A19: PRODUK | B19: D E K A B O N D | H19: TARGET | I19: PELUNASAN | K19: 46077
A20: TOKO | B20: PT. SUMBER MAKMUR - JOMBANG | H20: 150
A21: TANGGAL | B21: NO. SPB | C21: KEMASAN | F21: J U M L A H | H21: KURANG | I21: TANGGAL | J21: TEMPO
C22: 100 cc | D22: 500 cc | E22: 1000 cc | F22: DUS | G22: RUPIAH | H22: KG | J22: HARI
A23: berlaku | C23: 1276500 | D23: 2220000
A24: 46048 | B24: 24328 | C24: 15 | E24: 0 | F24: =C24+D24+E24 -> 15 | G24: =(C24*C$23+D24*D$23+E24*E$23) -> 19147500 | H24: =H20-F24 -> 135 | I24: ='[1]Area I '!$D$13 -> 46083 | J24: =I24-A24 -> 35
A25: 46071 | B25: 24334 | C25: 0 | D25: 50 | E25: 0 | F25: =C25+D25+E25 -> 50 | G25: =(C25*C$23+D25*D$23+E25*E$23) -> 111000000 | H25: =H24-F25 -> 85 | I25: ='[1]Area I '!$D$15 -> 0 | J25: =I25-A25 -> -46071
C26: 0 | E26: 0 | F26: =C26+D26+E26 -> 0 | G26: =(C26*C$23+D26*D$23+E26*E$23) -> 0 | H26: =H25-F26 -> 85 | J26: =I26-A26 -> 0
C27: 0 | E27: 0 | F27: =C27+D27+E27 -> 0 | G27: =(C27*C$23+D27*D$23+E27*E$23) -> 0 | H27: =H26-F27 -> 85 | J27: =I27-A27 -> 0
F28: =C28+D28+E28 -> 0 | G28: =(C28*C$23+D28*D$23+E28*E$23) -> 0 | H28: =H27-F28 -> 85 | J28: =I28-A28 -> 0
F29: 0 | G29: =(C29*C$23+D29*D$23+E29*E$23) -> 0 | H29: =H28-F29 -> 85 | J29: =I29-A29 -> 0
F30: =C30+D30+E30 -> 0 | G30: =(C30*C$23+D30*D$23+E30*E$23) -> 0 | H30: =H29-F30 -> 85 | J30: =I30-A30 -> 0
A31: Jumlah | C31: =SUM(C24:C30) -> 15 | D31: =SUM(D24:D30) -> 50 | E31: =SUM(E24:E30) -> 0 | F31: =SUM(F24:F30) -> 65 | G31: =SUM(G24:G30) -> 130147500 | H31: =H30-F31 -> 20
G32: Capai % | H32: =F31/H20% -> 43.333333
A34: PRODUK | B34: D E K A B O N D | H34: TARGET | I34: PELUNASAN | K34: 46062
A35: TOKO | B35: PT. ANUGERAH AGRO MANDIRI - BANYUWANGI | H35: 150
A36: TANGGAL | B36: NO. SPB | C36: KEMASAN | F36: J U M L A H | H36: KURANG | I36: TANGGAL | J36: TEMPO
C37: 100 cc | D37: 500 cc | E37: 1000 cc | F37: DUS | G37: RUPIAH | H37: KG | J37: HARI
A38: berlaku | C38: 1276500 | D38: 2220000
A39: 46063 | B39: 24284 | C39: 0 | D39: 50 | E39: 0 | F39: =C39+D39+E39 -> 50 | G39: =(C39*C$38+D39*D$38+E39*E$38) -> 111000000 | H39: =H35-F39 -> 100 | I39: ='[1]Area 4'!$D$42 -> 0 | J39: =I39-A39 -> -46063
A40: 46065 | B40: 24286 | C40: 10 | D40: 0 | E40: 0 | F40: =C40+D40+E40 -> 10 | G40: =(C40*C$38+D40*D$38+E40*E$38) -> 12765000 | H40: =H39-F40 -> 90 | I40: ='[1]Area 4'!$D$44 -> 0 | J40: =I40-A40 -> -46065
F41: =C41+D41+E41 -> 0 | G41: =(C41*C$38+D41*D$38+E41*E$38) -> 0 | H41: =H40-F41 -> 90 | J41: =I41-A41 -> 0
F42: =C42+D42+E42 -> 0 | G42: =(C42*C$38+D42*D$38+E42*E$38) -> 0 | H42: =H41-F42 -> 90 | J42: =I42-A42 -> 0
F43: =C43+D43+E43 -> 0 | G43: =(C43*C$38+D43*D$38+E43*E$38) -> 0 | H43: =H42-F43 -> 90 | J43: =I43-A43 -> 0
F44: 0 | G44: =(C44*C$38+D44*D$38+E44*E$38) -> 0 | H44: =H43-F44 -> 90 | J44: =I44-A44 -> 0
F45: =C45+D45+E45 -> 0 | G45: =(C45*C$38+D45*D$38+E45*E$38) -> 0 | H45: =H44-F45 -> 90 | J45: =I45-A45 -> 0
A46: Jumlah | C46: =SUM(C39:C45) -> 10 | D46: =SUM(D39:D45) -> 50 | E46: =SUM(E39:E45) -> 0 | F46: =SUM(F39:F45) -> 60 | G46: =(C46*C$38+D46*D$38+E46*E$38) -> 123765000 | H46: =H45-F46 -> 30
G47: Capai % | H47: =H46-F47 -> 30
A49: PRODUK | B49: D E K A B O N D | H49: TARGET | I49: PELUNASAN | K49: 46083
A50: TOKO | B50: PT. TANI SEJATI MANDIRI - MALANG | H50: 50
A51: TANGGAL | B51: NO. SPB | C51: KEMASAN | F51: J U M L A H | H51: KURANG | I51: TANGGAL | J51: TEMPO
C52: 100 cc | D52: 500 cc | E52: 1000 cc | F52: DUS | G52: RUPIAH | H52: KG | J52: HARI
A53: berlaku | C53: 1276500 | D53: 2220000
A54: 46084 | B54: 24123 | C54: 10 | D54: 2 | F54: =C54+D54+E54 -> 12 | G54: =(C54*C$53+D54*D$53+E54*E$53) -> 17205000 | H54: =H50-F54 -> 38 | I54: ='[1]Area 5'!$D$13 -> 0 | J54: =I54-A54 -> -46084
F55: =C55+D55+E55 -> 0 | G55: =(C55*C$53+D55*D$53+E55*E$53) -> 0 | H55: =H54-F55 -> 38 | J55: =I55-A55 -> 0
F56: =C56+D56+E56 -> 0 | G56: =(C56*C$53+D56*D$53+E56*E$53) -> 0 | H56: =H55-F56 -> 38 | J56: =I56-A56 -> 0
F57: =C57+D57+E57 -> 0 | G57: =(C57*C$53+D57*D$53+E57*E$53) -> 0 | H57: =H56-F57 -> 38 | J57: =I57-A57 -> 0
F58: =C58+D58+E58 -> 0 | G58: =(C58*C$53+D58*D$53+E58*E$53) -> 0 | H58: =H57-F58 -> 38 | J58: =I58-A58 -> 0
F59: 0 | G59: =(C59*C$53+D59*D$53+E59*E$53) -> 0 | H59: =H58-F59 -> 38 | J59: =I59-A59 -> 0
F60: =C60+D60+E60 -> 0 | G60: =(C60*C$53+D60*D$53+E60*E$53) -> 0 | H60: =H59-F60 -> 38 | J60: =I60-A60 -> 0
A61: Jumlah | C61: =SUM(C54:C60) -> 10 | D61: =SUM(D54:D60) -> 2 | E61: =SUM(E54:E60) -> 0 | F61: =SUM(F54:F60) -> 12 | G61: =(C61*C$53+D61*D$53+E61*E$53) -> 17205000 | H61: =H60-F61 -> 26
G62: Capai % | H62: =H61-F62 -> 26
A64: PRODUK | H64: TARGET | I64: PELUNASAN
A65: TOKO | H65: 500
A66: TANGGAL | B66: NO. SPB | C66: KEMASAN | F66: J U M L A H | H66: KURANG | I66: TANGGAL | J66: TEMPO
C67: 100 cc | D67: 500 cc | E67: 1000 cc | F67: DUS | G67: RUPIAH | H67: KG | J67: HARI
A68: berlaku | C68: 1276500 | D68: 2200000
G69: =(C69*C$38+D69*D$38+E69*E$38) -> 0 | H69: =H65-F69 -> 500 | J69: =I69-A69 -> 0
F70: =C70+D70+E70 -> 0 | G70: =(C70*C$38+D70*D$38+E70*E$38) -> 0 | H70: =H69-F70 -> 500 | J70: =I70-A70 -> 0
F71: =C71+D71+E71 -> 0 | G71: =(C71*C$38+D71*D$38+E71*E$38) -> 0 | H71: =H70-F71 -> 500 | J71: =I71-A71 -> 0
F72: =C72+D72+E72 -> 0 | G72: =(C72*C$38+D72*D$38+E72*E$38) -> 0 | H72: =H71-F72 -> 500 | J72: =I72-A72 -> 0
F73: =C73+D73+E73 -> 0 | G73: =(C73*C$38+D73*D$38+E73*E$38) -> 0 | H73: =H72-F73 -> 500 | J73: =I73-A73 -> 0
F74: 0 | G74: =(C74*C$38+D74*D$38+E74*E$38) -> 0 | H74: =H73-F74 -> 500 | J74: =I74-A74 -> 0
F75: =C75+D75+E75 -> 0 | G75: =(C75*C$38+D75*D$38+E75*E$38) -> 0 | H75: =H74-F75 -> 500 | J75: =I75-A75 -> 0
A76: Jumlah | C76: =SUM(C69:C75) -> 0 | D76: =SUM(D69:D75) -> 0 | E76: =SUM(E69:E75) -> 0 | F76: =SUM(F69:F75) -> 0 | G76: =(C76*C$38+D76*D$38+E76*E$38) -> 0 | H76: =H75-F76 -> 500
G77: Capai % | H77: =H76-F77 -> 500
A79: PRODUK | H79: TARGET | I79: PELUNASAN
A80: TOKO | H80: 500
A81: TANGGAL | B81: NO. SPB | C81: KEMASAN | F81: J U M L A H | H81: KURANG | I81: TANGGAL | J81: TEMPO
C82: 100 cc | D82: 500 cc | E82: 1000 cc | F82: DUS | G82: RUPIAH | H82: KG | J82: HARI
A83: berlaku | C83: 1276500 | D83: 2200000
F84: =C84+D84+E84 -> 0 | G84: =(C84*C$53+D84*D$53+E84*E$53) -> 0 | H84: =H80-F84 -> 500 | J84: =I84-A84 -> 0
F85: =C85+D85+E85 -> 0 | G85: =(C85*C$53+D85*D$53+E85*E$53) -> 0 | H85: =H84-F85 -> 500 | J85: =I85-A85 -> 0
F86: =C86+D86+E86 -> 0 | G86: =(C86*C$53+D86*D$53+E86*E$53) -> 0 | H86: =H85-F86 -> 500 | J86: =I86-A86 -> 0
F87: =C87+D87+E87 -> 0 | G87: =(C87*C$53+D87*D$53+E87*E$53) -> 0 | H87: =H86-F87 -> 500 | J87: =I87-A87 -> 0
F88: =C88+D88+E88 -> 0 | G88: =(C88*C$53+D88*D$53+E88*E$53) -> 0 | H88: =H87-F88 -> 500 | J88: =I88-A88 -> 0
F89: 0 | G89: =(C89*C$53+D89*D$53+E89*E$53) -> 0 | H89: =H88-F89 -> 500 | J89: =I89-A89 -> 0
F90: =C90+D90+E90 -> 0 | G90: =(C90*C$53+D90*D$53+E90*E$53) -> 0 | H90: =H89-F90 -> 500 | J90: =I90-A90 -> 0
A91: Jumlah | C91: =SUM(C84:C90) -> 0 | D91: =SUM(D84:D90) -> 0 | E91: =SUM(E84:E90) -> 0 | F91: =SUM(F84:F90) -> 0 | G91: =(C91*C$53+D91*D$53+E91*E$53) -> 0 | H91: =H90-F91 -> 500
G92: Capai % | H92: =H91-F92 -> 500
A96: Total Jumlah DUS DIMACIDE 400 EC Toko | F96: =H4 -> 150
A98: Total Jumlah DUS pencapaian Toko target | F98: =F16 -> 25
A100: Total jumlah kekurangan DUS capai target | F100: =F96-F98 -> 125
A102: Rata-2 % pencapaian target Toko | F102: =F98/F96% -> 16.666667
A104: Rata-2 % kurang pencapaian target Toko | F104: =F100/F96% -> 83.333333
A106: Total jumlah LITER pencapaian target Toko | F106: =#REF! -> #REF!
A108: Total nilai Jumlah RUPIAH Toko ditarget | F108: =G16 -> 55500000

Sheet Vlmk
A1: PENJUALAN PRODAK YANG DIPROGAM BERDASARKAN PENCAPAIAN TOKO
A2: =GDSL!A2 -> TAHUN 2026
A3: PRODUK | B3: V E L I M E K 52 , 5 WP | I3: TARGET | J3: PELUNASAN | L3: 46077
A4: TOKO | B4: PT. SUMBER MAKMUR AGROINDO - JOMBANG | I4: 50
A5: TANGGAL | B5: NO. SPB | C5: KEMASAN | F5: J U M L A H | I5: KURANG | J5: TANGGAL | K5: TEMPO
C6: 50 gr | D6: 200 gr | E6: 500 gr | F6: KG | G6: RUPIAH | H6: DUS | I6: DUS | K6: HARI
A7: berlaku | B7: 45931 | C7: 4218000 | D7: 6549000 | E7: 9630360 | F7: 0.95
F8: =C8*2.5+D8*4*E8*6 -> 0 | G8: =(C8*C$7+D8*D$7+E8*E$7)*F$7 -> 0 | H8: =C8+D8+E8 -> 0 | I8: =I4-H8 -> 50 | K8: =J8-A8 -> 0
F9: =C9*2.5+D9*4*E9*6 -> 0 | G9: =(C9*C$7+D9*D$7+E9*E$7)*F$7 -> 0 | H9: =C9+D9+E9 -> 0 | I9: =I8-H9 -> 50 | K9: =J9-A9 -> 0
F10: =C10*2.5+D10*4*E10*6 -> 0 | G10: =(C10*C$7+D10*D$7+E10*E$7)*F$7 -> 0 | H10: =C10+D10+E10 -> 0 | I10: =I9-H10 -> 50 | K10: =J10-A10 -> 0
F11: =C11*2.5+D11*4*E11*6 -> 0 | G11: =(C11*C$7+D11*D$7+E11*E$7)*F$7 -> 0 | H11: =C11+D11+E11 -> 0 | I11: =I10-H11 -> 50 | K11: =J11-A11 -> 0
F12: =C12*2.5+D12*4*E12*6 -> 0 | G12: =(C12*C$7+D12*D$7+E12*E$7)*F$7 -> 0 | H12: =C12+D12+E12 -> 0 | I12: =I11-H12 -> 50 | K12: =J12-A12 -> 0
F13: =C13*2.5+D13*4*E13*6 -> 0 | G13: =(C13*C$7+D13*D$7+E13*E$7)*F$7 -> 0 | H13: =C13+D13+E13 -> 0 | I13: =I12-H13 -> 50 | K13: =J13-A13 -> 0
F14: =C14*2.5+D14*4*E14*6 -> 0 | G14: =(C14*C$7+D14*D$7+E14*E$7)*F$7 -> 0 | H14: =C14+D14+E14 -> 0 | I14: =I13-H14 -> 50 | K14: =J14-A14 -> 0
F15: =C15*2.5+D15*4*E15*6 -> 0 | G15: =(C15*C$7+D15*D$7+E15*E$7)*F$7 -> 0 | H15: =C15+D15+E15 -> 0 | I15: =I14-H15 -> 50 | K15: =J15-A15 -> 0
F16: =C16*2.5+D16*4*E16*6 -> 0 | G16: =(C16*C$7+D16*D$7+E16*E$7)*F$7 -> 0 | H16: =C16+D16+E16 -> 0 | I16: =I15-H16 -> 50 | K16: =J16-A16 -> 0
F17: =C17*2.5+D17*4*E17*6 -> 0 | G17: =(C17*C$7+D17*D$7+E17*E$7)*F$7 -> 0 | H17: =C17+D17+E17 -> 0 | I17: =I16-H17 -> 50 | K17: =J17-A17 -> 0
F18: =C18*2.5+D18*4*E18*6 -> 0 | G18: =(C18*C$7+D18*D$7+E18*E$7)*F$7 -> 0 | H18: =C18+D18+E18 -> 0 | I18: =I17-H18 -> 50 | K18: =J18-A18 -> 0
F19: =C19*2.5+D19*4*E19*6 -> 0 | G19: =(C19*C$7+D19*D$7+E19*E$7)*F$7 -> 0 | H19: =C19+D19+E19 -> 0 | I19: =I18-H19 -> 50 | K19: =J19-A19 -> 0
F20: =C20*2.5+D20*4*E20*6 -> 0 | G20: =(C20*C$7+D20*D$7+E20*E$7)*F$7 -> 0 | H20: =C20+D20+E20 -> 0 | I20: =I19-H20 -> 50 | K20: =J20-A20 -> 0
A21: Jumlah | C21: =SUM(C8:C20) -> 0 | D21: =SUM(D8:D20) -> 0 | E21: =SUM(E8:E20) -> 0 | F21: =SUM(F8:F20) -> 0 | G21: =SUM(G8:G20) -> 0 | H21: =SUM(H8:H20) -> 0 | I21: =I4-H21 -> 50
G22: Capai % | H22: =H21/I4% -> 0 | I22: =I21/I4% -> 100
A24: PRODUK | B24: V E L I M E K 52 , 5 WP | I24: TARGET | J24: PELUNASAN | L24: 46062
A25: TOKO | B25: PT. A N U G E R A H A G R O M A N D I R I - B A N Y U W A N G I | I25: 100
A26: TANGGAL | B26: NO. SPB | C26: KEMASAN | F26: J U M L A H | I26: KURANG | J26: TANGGAL | K26: TEMPO
C27: 50 gr | D27: 200 gr | E27: 500 gr | F27: KG | G27: RUPIAH | H27: DUS | I27: DUS | K27: HARI
A28: berlaku | B28: 45931 | C28: 4218000 | D28: 6549000 | E28: 9630360 | F28: 0.95
F29: =C29*2.5+D29*4+E29*6 -> 0 | G29: =(C29*C$28+D29*D$28+E29*E$28)*F$28 -> 0 | H29: =C29+D29+E29 -> 0 | I29: =I25-H29 -> 100 | J29: ='[1]Area 4'!$D$49 -> 0 | K29: =J29-A29 -> 0
F30: =C30*2.5+D30*4+E30*6 -> 0 | G30: =(C30*C$28+D30*D$28+E30*E$28)*F$28 -> 0 | H30: =C30+D30+E30 -> 0 | I30: =I29-H30 -> 100 | K30: =J30-A30 -> 0
F31: =C31*2.5+D31*4+E31*6 -> 0 | G31: =(C31*C$28+D31*D$28+E31*E$28)*F$28 -> 0 | H31: =C31+D31+E31 -> 0 | I31: =I30-H31 -> 100 | K31: =J31-A31 -> 0
F32: =C32*2.5+D32*4+E32*6 -> 0 | G32: =(C32*C$28+D32*D$28+E32*E$28)*F$28 -> 0 | H32: =C32+D32+E32 -> 0 | I32: =I31-H32 -> 100 | K32: =J32-A32 -> 0
F33: =C33*2.5+D33*4+E33*6 -> 0 | G33: =(C33*C$28+D33*D$28+E33*E$28)*F$28 -> 0 | H33: =C33+D33+E33 -> 0 | I33: =I32-H33 -> 100 | K33: =J33-A33 -> 0
F34: =C34*2.5+D34*4+E34*6 -> 0 | G34: =(C34*C$28+D34*D$28+E34*E$28)*F$28 -> 0 | H34: =C34+D34+E34 -> 0 | I34: =I33-H34 -> 100 | K34: =J34-A34 -> 0
F35: =C35*2.5+D35*4+E35*6 -> 0 | G35: =(C35*C$28+D35*D$28+E35*E$28)*F$28 -> 0 | H35: =C35+D35+E35 -> 0 | I35: =I34-H35 -> 100 | K35: =J35-A35 -> 0
F36: =C36*2.5+D36*4+E36*6 -> 0 | G36: =(C36*C$28+D36*D$28+E36*E$28)*F$28 -> 0 | H36: =C36+D36+E36 -> 0 | I36: =I35-H36 -> 100 | K36: =J36-A36 -> 0
F37: =C37*2.5+D37*4+E37*6 -> 0 | G37: =(C37*C$28+D37*D$28+E37*E$28)*F$28 -> 0 | H37: =C37+D37+E37 -> 0 | I37: =I36-H37 -> 100 | K37: =J37-A37 -> 0
F38: =C38*2.5+D38*4+E38*6 -> 0 | G38: =(C38*C$28+D38*D$28+E38*E$28)*F$28 -> 0 | H38: =C38+D38+E38 -> 0 | I38: =I37-H38 -> 100 | K38: =J38-A38 -> 0
F39: =C39*2.5+D39*4+E39*6 -> 0 | G39: =(C39*C$28+D39*D$28+E39*E$28)*F$28 -> 0 | H39: =C39+D39+E39 -> 0 | I39: =I38-H39 -> 100 | K39: =J39-A39 -> 0
F40: =C40*2.5+D40*4+E40*6 -> 0 | G40: =(C40*C$28+D40*D$28+E40*E$28)*F$28 -> 0 | H40: =C40+D40+E40 -> 0 | I40: =I39-H40 -> 100 | K40: =J40-A40 -> 0
F41: =C41*2.5+D41*4+E41*6 -> 0 | G41: =(C41*C$28+D41*D$28+E41*E$28)*F$28 -> 0 | H41: =C41+D41+E41 -> 0 | I41: =I40-H41 -> 100 | K41: =J41-A41 -> 0
A42: Jumlah | C42: =SUM(C29:C41) -> 0 | D42: =SUM(D29:D41) -> 0 | E42: =SUM(E29:E41) -> 0 | F42: =SUM(F29:F41) -> 0 | G42: =SUM(G29:G41) -> 0 | H42: =SUM(H29:H41) -> 0 | I42: =I25-H42 -> 100
G43: Capai % | H43: =H42/I25% -> 0 | I43: =I42/I25% -> 100
A45: Total Jumlah DUS VELIMEK toko yang target | G45: =I25+I4 -> 150
A47: Total Jumlah DUS pencapaian Toko yang ditarget | G47: =H42+H21 -> 0
A49: Total jumlah kekurangan DUS capai target | G49: =G45-G47 -> 150
A51: Rata-2 % pencapaian target Toko | G51: =G47/G45% -> 0
A53: Rata-2 % kurang pencapaian Toko | G53: =G49/G45% -> 100
A55: Total jumlah Kg pencapaian target Toko | G55: =F42+F21 -> 0
A57: Total nilai Jumlah RUPIAH Toko | G57: =G42+G21 -> 0

Sheet Msg
A1: PENJUALAN PRODAK YANG DIPROGAM BERDASARKAN PENCAPAIAN TOKO
A2: =GDSL!A2 -> TAHUN 2026
A3: PRODUK | B3: M A S A L G I N 5 0 W P | K3: TARGET | L3: PELUNASAN | N3: 46077
A4: TOKO | B4: P T . S U M B E R M A K M U R A G R O I N D O - J O M B A N G | K4: 50
A5: TANGGAL | B5: No. SPB | C5: KEMASAN | H5: J U M L A H | K5: KURANG | L5: TANGGAL | M5: TEMPO
C6: 50 gr | D6: 100 gr | E6: 200 gr | F6: 500 gr | G6: 25 Kg | H6: KG | I6: RUPIAH | J6: DUS | K6: DUS | M6: HARI
A7: berlaku | B7: 45931 | D7: 1145520 | E7: 2264400 | F7: 2384280 | H7: 0.98
G8: 0 | H8: =(C8*2.4+D8*2.4+E8*2.4+F8*6+G8*25) -> 0 | I8: =(C8*C$7+D8*D$7+E8*E$7+F8*F$7)*H$7 -> 0 | J8: =(C8+D8+E8+F8+G8) -> 0 | K8: =K4-J8 -> 50 | M8: =L8-A8 -> 0
G9: 0 | H9: =(C9*2.4+D9*2.4+E9*2.4+F9*6+G9*25) -> 0 | I9: =(C9*C$7+D9*D$7+E9*E$7+F9*F$7)*H$7 -> 0 | J9: =(C9+D9+E9+F9+G9) -> 0 | K9: =K8-J9 -> 50 | M9: =L9-A9 -> 0
G10: 0 | H10: =(C10*2.4+D10*2.4+E10*2.4+F10*6+G10*25) -> 0 | I10: =(C10*C$7+D10*D$7+E10*E$7+F10*F$7)*H$7 -> 0 | J10: =(C10+D10+E10+F10+G10) -> 0 | K10: =K9-J10 -> 50 | M10: =L10-A10 -> 0
H11: =(C11*2.4+D11*2.4+E11*2.4+F11*6+G11*25) -> 0 | I11: =(C11*C$7+D11*D$7+E11*E$7+F11*F$7)*H$7 -> 0 | J11: =(C11+D11+E11+F11+G11) -> 0 | K11: =K10-J11 -> 50 | M11: =L11-A11 -> 0
H12: =(C12*2.4+D12*2.4+E12*2.4+F12*6+G12*25) -> 0 | I12: =(C12*C$7+D12*D$7+E12*E$7+F12*F$7)*H$7 -> 0 | J12: =(C12+D12+E12+F12+G12) -> 0 | K12: =K11-J12 -> 50 | M12: =L12-A12 -> 0
H13: =(C13*2.4+D13*2.4+E13*2.4+F13*6+G13*25) -> 0 | I13: =(C13*C$7+D13*D$7+E13*E$7+F13*F$7)*H$7 -> 0 | J13: =(C13+D13+E13+F13+G13) -> 0 | K13: =K12-J13 -> 50 | M13: =L13-A13 -> 0
H14: =(C14*2.4+D14*2.4+E14*2.4+F14*6+G14*25) -> 0 | I14: =(C14*C$7+D14*D$7+E14*E$7+F14*F$7)*H$7 -> 0 | J14: =(C14+D14+E14+F14+G14) -> 0 | K14: =K13-J14 -> 50 | M14: =L14-A14 -> 0
A15: Jumlah | C15: =SUM(C8:C14) -> 0 | D15: =SUM(D8:D14) -> 0 | E15: =SUM(E8:E14) -> 0 | F15: =SUM(F8:F14) -> 0 | G15: =SUM(G8:G14) -> 0 | H15: =SUM(H8:H14) -> 0 | I15: =SUM(I8:I14) -> 0 | J15: =(C15+D15+E15+F15+G15) -> 0 | K15: =K4-J15 -> 50
I16: Capai % | J16: =J15/K4% -> 0 | K16: =K15/K4% -> 100
A19: PRODUK | B19: M A S A L G I N 5 0 W P | K19: TARGET | L19: PELUNASAN | N19: 46062
A20: TOKO | B20: P T. A N U G E R A H A G R O M - B A N Y U W A N G I | K20: 700
A21: TANGGAL | B21: No. SPB | C21: KEMASAN | H21: J U M L A H | K21: KURANG | L21: TANGGAL | M21: TEMPO
C22: 50 gr | D22: 100 gr | E22: 200 gr | F22: 500 gr | G22: 25 Kg | H22: KG | I22: RUPIAH | J22: DUS | K22: DUS | M22: HARI
A23: berlaku | B23: 45931 | C23: 0 | D23: 1110000 | E23: 2264400 | F23: 2384280 | H23: 0.98
A24: 46063 | B24: 24285 | E24: 0 | F24: 50 | H24: =(E24*2.4+F24*6+G24*25) -> 300 | I24: =(E24*E$23+F24*F$23 ) *H$23 -> 116829720 | J24: =(C24+D24+E24+F24+G24) -> 50 | K24: =K20-J24 -> 650 | L24: ='[1]Area 4'!$D$43 -> 0 | M24: =L24-A24 -> -46063
A25: 46076 | B25: 24291 | E25: 50 | F25: 100 | H25: =(E25*2.4+F25*6+G25*25) -> 720 | I25: =(E25*E$23+F25*F$23 ) *H$23 -> 344615040 | J25: =(C25+D25+E25+F25+G25) -> 150 | K25: =K24-J25 -> 500 | L25: ='[1]Area 4'!$D$47 -> 0 | M25: =L25-A25 -> -46076
H26: =(E26*2.4+F26*6+G26*25) -> 0 | I26: =(E26*E$23+F26*F$23 ) *H$23 -> 0 | J26: =(C26+D26+E26+F26+G26) -> 0 | K26: =K25-J26 -> 500 | M26: =L26-A26 -> 0
H27: =(E27*2.4+F27*6+G27*25) -> 0 | I27: =(E27*E$23+F27*F$23 ) *H$23 -> 0 | J27: =(C27+D27+E27+F27+G27) -> 0 | K27: =K26-J27 -> 500 | M27: =L27-A27 -> 0
H28: =(E28*2.4+F28*6+G28*25) -> 0 | I28: =(E28*E$23+F28*F$23 ) *H$23 -> 0 | J28: =(C28+D28+E28+F28+G28) -> 0 | K28: =K27-J28 -> 500 | M28: =L28-A28 -> 0
H29: =(E29*2.4+F29*6+G29*25) -> 0 | I29: =(E29*E$23+F29*F$23 ) *H$23 -> 0 | J29: =(C29+D29+E29+F29+G29) -> 0 | K29: =K28-J29 -> 500 | M29: =L29-A29 -> 0
H30: =(E30*2.4+F30*6+G30*25) -> 0 | I30: =(E30*E$23+F30*F$23 ) *H$23 -> 0 | J30: =(C30+D30+E30+F30+G30) -> 0 | K30: =K29-J30 -> 500 | M30: =L30-A30 -> 0
H31: =(E31*2.4+F31*6+G31*25) -> 0 | I31: =(E31*E$23+F31*F$23 ) *H$23 -> 0 | J31: =(C31+D31+E31+F31+G31) -> 0 | K31: =K30-J31 -> 500 | M31: =L31-A31 -> 0
H32: =(E32*2.4+F32*6+G32*25) -> 0 | I32: =(E32*E$23+F32*F$23 ) *H$23 -> 0 | J32: =(C32+D32+E32+F32+G32) -> 0 | K32: =K31-J32 -> 500 | M32: =L32-A32 -> 0
H33: =(E33*2.4+F33*6+G33*25) -> 0 | I33: =(E33*E$23+F33*F$23 ) *H$23 -> 0 | J33: =(C33+D33+E33+F33+G33) -> 0 | K33: =K32-J33 -> 500 | M33: =L33-A33 -> 0
H34: =(E34*2.4+F34*6+G34*25) -> 0 | I34: =(E34*E$23+F34*F$23 ) *H$23 -> 0 | J34: =(C34+D34+E34+F34+G34) -> 0 | K34: =K33-J34 -> 500 | M34: =L34-A34 -> 0
H35: =(E35*2.4+F35*6+G35*25) -> 0 | I35: =(E35*E$23+F35*F$23 ) *H$23 -> 0 | J35: =(C35+D35+E35+F35+G35) -> 0 | K35: =K34-J35 -> 500 | M35: =L35-A35 -> 0
H36: =(E36*2.4+F36*6+G36*25) -> 0 | I36: =(E36*E$23+F36*F$23 ) *H$23 -> 0 | J36: =(C36+D36+E36+F36+G36) -> 0 | K36: =K35-J36 -> 500 | M36: =L36-A36 -> 0
A37: Jumlah | C37: =SUM(C24:C34) -> 0 | D37: =SUM(D24:D34) -> 0 | E37: =SUM(E24:E36) -> 50 | F37: =SUM(F24:F36) -> 150 | H37: =SUM(H24:H36) -> 1020 | I37: =SUM(I24:I36) -> 461444760 | J37: =SUM(J24:J36) -> 200 | K37: =K36-J37 -> 300
I38: Capai % | J38: =J37/K20% -> 28.571429 | K38: =K37/K20% -> 42.857143
A41: Total Jumlah DUS MASALGIN Toko yang ditarget | G41: =K20+K4 -> 750
A44: Total Jumlah DUS pencapaian Toko | G44: =J37+J15 -> 200
A46: Total jumlah kekurangan DUS Toko | G46: =G41-G44 -> 550
A48: Rata-2 % pencapaian target Toko | G48: =G44/G41% -> 26.666667
A50: Rata-2 % kurang pencapaian Toko | G50: =G46/G41% -> 73.333333
A52: Total jumlah Kg pencapaian target Toko | G52: =H37+H15 -> 1020
A54: Total nilai Jumlah RUPIAH Toko | G54: =I37+I15 -> 461444760

Sheet Dkprm
A1: PENJUALAN PRODAK YANG DIPROGAM BERDASARKAN PENCAPAIAN TOKO
A2: =GDSL!A2 -> TAHUN 2026
A3: PRODUK | B3: DEKAPIRIM 400 SC | I3: TARGET | J3: PELUNASAN | L3: 46062
A4: TOKO | B4: PT. KARISMA INDOAGRO UNIVERSAL - JEMBER | I4: 1000
A5: TANGGAL | B5: NO. SPB | C5: KEMASAN | F5: J U M L A H | I5: KURANG | J5: TANGGAL | K5: TEMPO
C6: 100 CC | D6: 500 CC | E6: 1000 CC | F6: DUS | G6: RUPIAH | H6: LITER | I6: LITER | K6: HARI
A7: berlaku | B7: 45931 | C7: 4884000 | D7: 9146400 | E7: 10642680 | F7: 0.95
A8: 46034 | B8: 24278 | C8: 20 | D8: 5 | E8: 0 | G8: =(C$7*C8+D$7*D8+E$7*E$8)*F$7 -> 136241400 | H8: =C8*5+D8*10+E8*12 -> 150 | I8: =I4-H8 -> 850 | J8: ='[1]Area 3'!$D$12 -> 46063 | K8: =J8-A8 -> 29
G9: =(C$7*C9+D$7*D9+E$7*E$8)*F$7 -> 0 | H9: =C9*5+D9*10+E9*12 -> 0 | I9: =I8-H9 -> 850 | K9: =J9-A9 -> 0
G10: =(C$7*C10+D$7*D10+E$7*E$8)*F$7 -> 0 | H10: =C10*5+D10*10+E10*12 -> 0 | I10: =I9-H10 -> 850 | K10: =J10-A10 -> 0
G11: =(C$7*C11+D$7*D11+E$7*E$8)*F$7 -> 0 | H11: =C11*5+D11*10+E11*12 -> 0 | I11: =I10-H11 -> 850 | K11: =J11-A11 -> 0
G12: =(C$7*C12+D$7*D12+E$7*E$8)*F$7 -> 0 | H12: =C12*5+D12*10+E12*12 -> 0 | I12: =I11-H12 -> 850 | K12: =J12-A12 -> 0
G13: =(C$7*C13+D$7*D13+E$7*E$8)*F$7 -> 0 | H13: =C13*5+D13*10+E13*12 -> 0 | I13: =I12-H13 -> 850 | K13: =J13-A13 -> 0
G14: =(C$7*C14+D$7*D14+E$7*E$8)*F$7 -> 0 | H14: =C14*5+D14*10+E14*12 -> 0 | I14: =I13-H14 -> 850 | K14: =J14-A14 -> 0
G15: =(C$7*C15+D$7*D15+E$7*E$8)*F$7 -> 0 | H15: =C15*5+D15*10+E15*12 -> 0 | I15: =I14-H15 -> 850 | K15: =J15-A15 -> 0
A16: Jumlah | C16: =SUM(C8:C15) -> 20 | D16: =SUM(D8:D15) -> 5 | E16: =SUM(E8:E15) -> 0 | F16: =SUM(F8:F15) -> 0 | G16: =SUM(G8:G15) -> 136241400 | H16: =SUM(H8:H15) -> 150 | I16: =I4-H16 -> 850
G17: Capai % | H17: =H16/I4% -> 15 | I17: =I16/I4% -> 85
A21: Total Jumlah LITER DEKAPIRIM 400 SC Toko yang ditarget | G21: =I4 -> 1000
A23: Total Jumlah LITER pencapaian Toko target | G23: =H16 -> 150
A25: Total jumlah kekurangan DUS capai target | G25: =G21-G23 -> 850
A27: Rata-2 % pencapaian target Toko | G27: =G23/G21% -> 15
A29: Rata-2 % kurang pencapaian target Toko | G29: =G25/G21% -> 85
A31: Total jumlah DUS pencapaian target Toko | G31: =F16 -> 0
A33: Total nilai Jumlah RUPIAH Toko ditarget | F33: =G16 -> 136241400

Sheet Dktn
A1: PENJUALAN PRODAK YANG DIPROGAM BERDASARKAN PENCAPAIAN TOKO
A2: =GDSL!A2 -> TAHUN 2026
A3: PRODUK | B3: D E K T I N 3 0 WG | I3: TARGET | J3: PELUNASAN | L3: 46062
A4: TOKO | B4: PT. KARISMA INDOAGRO UNIVERSAL - JEMBER | I4: 1000
A5: TANGGAL | B5: NO. SPB | C5: KEMASAN | F5: J U M L A H | I5: KURANG | J5: TANGGAL | K5: TEMPO
C6: 50 gr | D6: 200 gr | E6: 500 gr | F6: DUS | G6: RUPIAH | H6: KG | I6: KG | K6: HARI
A7: berlaku | B7: 45931 | C7: 3885000 | D7: 5727600 | E7: 8178480 | F7: 0.95
A8: 46077 | B8: 24292 | C8: 5 | D8: 0 | E8: 0 | F8: =C8+D8+E8 -> 5 | G8: =(C8*C$7+D8*D$7+E8*E$7)*F$7 -> 18453750 | H8: =C8*2.5+D8*4+E8*6 -> 12.5 | I8: =I4-H8 -> 987.5 | J8: ='[1]Area 3'!$D$17 -> 0 | K8: =J8-A8 -> -46077
F9: =C9+D9+E9 -> 0 | G9: =(C9*C$7+D9*D$7+E9*E$7)*F$7 -> 0 | H9: =C9*2.5+D9*4+E9*6 -> 0 | I9: =I8-H9 -> 987.5 | K9: =J9-A9 -> 0
F10: =C10+D10+E10 -> 0 | G10: =(C10*C$7+D10*D$7+E10*E$7)*F$7 -> 0 | H10: =C10*2.5+D10*4+E10*6 -> 0 | I10: =I9-H10 -> 987.5 | K10: =J10-A10 -> 0
F11: =C11+D11+E11 -> 0 | G11: =(C11*C$7+D11*D$7+E11*E$7)*F$7 -> 0 | H11: =C11*2.5+D11*4+E11*6 -> 0 | I11: =I10-H11 -> 987.5 | K11: =J11-A11 -> 0
F12: =C12+D12+E12 -> 0 | G12: =(C12*C$7+D12*D$7+E12*E$7)*F$7 -> 0 | H12: =C12*2.5+D12*4+E12*6 -> 0 | I12: =I11-H12 -> 987.5 | K12: =J12-A12 -> 0
F13: 0 | G13: =(C13*C$7+D13*D$7+E13*E$7)*F$7 -> 0 | H13: =C13*2.5+D13*4+E13*6 -> 0 | I13: =I12-H13 -> 987.5 | K13: =J13-A13 -> 0
F14: =C14+D14+E14 -> 0 | G14: =(C14*C$7+D14*D$7+E14*E$7)*F$7 -> 0 | H14: =C14*2.5+D14*4+E14*6 -> 0 | I14: =I13-H14 -> 987.5 | K14: =J14-A14 -> 0
F15: =C15+D15+E15 -> 0 | G15: =(C15*C$7+D15*D$7+E15*E$7)*F$7 -> 0 | H15: =C15*2.5+D15*4+E15*6 -> 0 | I15: =I14-H15 -> 987.5 | K15: =J15-A15 -> 0
F16: =C16+D16+E16 -> 0 | G16: =(C16*C$7+D16*D$7+E16*E$7)*F$7 -> 0 | H16: =C16*2.5+D16*4+E16*6 -> 0 | I16: =I15-H16 -> 987.5 | K16: =J16-A16 -> 0
F17: =C17+D17+E17 -> 0 | G17: =(C17*C$7+D17*D$7+E17*E$7)*F$7 -> 0 | H17: =C17*2.5+D17*4+E17*6 -> 0 | I17: =I16-H17 -> 987.5 | K17: =J17-A17 -> 0
F18: =C18+D18+E18 -> 0 | G18: =(C18*C$7+D18*D$7+E18*E$7)*F$7 -> 0 | H18: =C18*2.5+D18*4+E18*6 -> 0 | I18: =I17-H18 -> 987.5 | K18: =J18-A18 -> 0
F19: =C19+D19+E19 -> 0 | G19: =(C19*C$7+D19*D$7+E19*E$7)*F$7 -> 0 | H19: =C19*2.5+D19*4+E19*6 -> 0 | I19: =I18-H19 -> 987.5 | K19: =J19-A19 -> 0
F20: =C20+D20+E20 -> 0 | G20: =(C20*C$7+D20*D$7+E20*E$7)*F$7 -> 0 | H20: =C20*2.5+D20*4+E20*6 -> 0 | I20: =I19-H20 -> 987.5 | K20: =J20-A20 -> 0
A21: Jumlah | C21: =SUM(C8:C20) -> 5 | D21: =SUM(D8:D20) -> 0 | E21: =SUM(E8:E20) -> 0 | F21: =SUM(F8:F20) -> 5 | G21: =SUM(G8:G20) -> 18453750 | H21: =SUM(H8:H20) -> 12.5 | I21: =I4-H21 -> 987.5
G22: Capai % | H22: =H21/I4% -> 1.25 | I22: =I21/I4% -> 98.75
A26: Total Jumlah DUS DEKTIN Toko | F26: =I4 -> 1000
A28: Total Jumlah DUS pencapaian Toko target | F28: =F21 -> 5
A30: Total jumlah kekurangan DUS capai target | F30: =F26-F28 -> 995
A32: Rata-2 % pencapaian target Toko | F32: =F28/F26% -> 0.5
A34: Rata-2 % kurang pencapaian target Toko | F34: =F30/F26% -> 99.5
A36: Total jumlah LITER pencapaian target Toko | F36: =H21 -> 12.5
A38: Total nilai Jumlah RUPIAH Toko ditarget | F38: =G21 -> 18453750

Sheet Dmc
A1: PENJUALAN PRODAK YANG DIPROGAM BERDASARKAN PENCAPAIAN TOKO
A2: =GDSL!A2 -> TAHUN 2026
A3: PRODUK | B3: D I M A C I D E 400 EC | I3: TARGET | J3: PELUNASAN | L3: 46062
A4: TOKO | B4: PT. TUNAS ABADI INDOAGRO - BANYUWANGI | I4: 100
A5: TANGGAL | B5: NO. SPB | C5: KEMASAN | F5: J U M L A H | I5: KURANG | J5: TANGGAL | K5: TEMPO
C6: 100 cc | D6: 500 cc | E6: 1000 cc | F6: DUS | G6: RUPIAH | H6: LT | I6: KG | K6: HARI
A7: berlaku | D7: 2200000
F8: =C8+D8+E8 -> 0 | G8: =(C8*C$7+D8*D$7+E8*E$7) -> 0 | H8: =C8*5+D8*10+E8*6 -> 0 | I8: =I4-H8 -> 100 | K8: =J8-A8 -> 0
F9: =C9+D9+E9 -> 0 | G9: =(C9*C$7+D9*D$7+E9*E$7) -> 0 | H9: =C9*5+D9*10+E9*6 -> 0 | I9: =I8-H9 -> 100 | K9: =J9-A9 -> 0
F10: =C10+D10+E10 -> 0 | G10: =(C10*C$7+D10*D$7+E10*E$7) -> 0 | H10: =C10*5+D10*10+E10*6 -> 0 | I10: =I9-H10 -> 100 | K10: =J10-A10 -> 0
F11: =C11+D11+E11 -> 0 | G11: =(C11*C$7+D11*D$7+E11*E$7) -> 0 | H11: =C11*5+D11*10+E11*6 -> 0 | I11: =I10-H11 -> 100 | K11: =J11-A11 -> 0
F12: =C12+D12+E12 -> 0 | G12: =(C12*C$7+D12*D$7+E12*E$7) -> 0 | H12: =C12*5+D12*10+E12*6 -> 0 | I12: =I11-H12 -> 100 | K12: =J12-A12 -> 0
A13: Jumlah | C13: =SUM(C8:C12) -> 0 | D13: =SUM(D8:D12) -> 0 | E13: =SUM(E8:E12) -> 0 | F13: =SUM(F8:F12) -> 0 | G13: =SUM(G8:G12) -> 0 | H13: =SUM(H8:H12) -> 0 | I13: =I4-H13 -> 100
G14: Capai % | H14: =H13/I4% -> 0 | I14: =I13/I4% -> 100
A16: PRODUK | B16: D I M A C I D E 400 EC | I16: TARGET | J16: PELUNASAN | L16: 46083
A17: TOKO | B17: PT. SUMBER MAKMUR AGRIKULTUR - MALANG | I17: 100
A18: TANGGAL | B18: NO. SPB | C18: KEMASAN | F18: J U M L A H | I18: KURANG | J18: TANGGAL | K18: TEMPO
C19: 100 cc | D19: 500 cc | E19: 1000 cc | F19: DUS | G19: RUPIAH | H19: KG | I19: KG | K19: HARI
A20: berlaku | D20: 2200000
F21: =C21+D21+E21 -> 0 | G21: =(C21*C$20+D21*D$20+E21*E$20) -> 0 | H21: =C21*5+D21*10+E21*6 -> 0 | I21: =I17-H21 -> 100 | K21: =J21-A21 -> 0
F22: =C22+D22+E22 -> 0 | G22: =(C22*C$20+D22*D$20+E22*E$20) -> 0 | H22: =C22*5+D22*10+E22*6 -> 0 | I22: =I21-H22 -> 100 | K22: =J22-A22 -> 0
F23: =C23+D23+E23 -> 0 | G23: =(C23*C$20+D23*D$20+E23*E$20) -> 0 | H23: =C23*5+D23*10+E23*6 -> 0 | I23: =I22-H23 -> 100 | K23: =J23-A23 -> 0
F24: =C24+D24+E24 -> 0 | G24: =(C24*C$20+D24*D$20+E24*E$20) -> 0 | H24: =C24*5+D24*10+E24*6 -> 0 | I24: =I23-H24 -> 100 | K24: =J24-A24 -> 0
F25: =C25+D25+E25 -> 0 | G25: =(C25*C$20+D25*D$20+E25*E$20) -> 0 | H25: =C25*5+D25*10+E25*6 -> 0 | I25: =I24-H25 -> 100 | K25: =J25-A25 -> 0
F26: 0 | G26: =(C26*C$20+D26*D$20+E26*E$20) -> 0 | H26: =C26*5+D26*10+E26*6 -> 0 | I26: =I25-H26 -> 100 | K26: =J26-A26 -> 0
F27: =C27+D27+E27 -> 0 | G27: =(C27*C$20+D27*D$20+E27*E$20) -> 0 | H27: =C27*5+D27*10+E27*6 -> 0 | I27: =I26-H27 -> 100 | K27: =J27-A27 -> 0
A28: Jumlah | C28: =SUM(C21:C27) -> 0 | D28: =SUM(D21:D27) -> 0 | E28: =SUM(E21:E27) -> 0 | F28: =SUM(F21:F27) -> 0 | G28: =SUM(G21:G27) -> 0 | H28: =SUM(H21:H27) -> 0 | I28: =I17-H28 -> 100
G29: Capai % | H29: =H28/I17% -> 0 | I29: =I28/I17% -> 100
A31: PRODUK | B31: D I M A C I D E 400 EC | I31: TARGET | J31: PELUNASAN | L31: 46062
A32: TOKO | B32: PT. KARISMA INDOAGRO - JEMBER | I32: 100
A33: TANGGAL | B33: NO. SPB | C33: KEMASAN | F33: J U M L A H | I33: KURANG | J33: TANGGAL | K33: TEMPO
C34: 100 cc | D34: 500 cc | E34: 1000 cc | F34: DUS | G34: RUPIAH | H34: KG | I34: KG | K34: HARI
A35: berlaku | D35: 2200000
F36: =C36+D36+E36 -> 0 | G36: =(C36*C$35+D36*D$35+E36*E$35)*H$35 -> 0 | H36: =C36*5+D36*10+E36*6 -> 0 | I36: =I32-H36 -> 100 | K36: =J36-A36 -> 0
F37: =C37+D37+E37 -> 0 | G37: =(C37*C$35+D37*D$35+E37*E$35)*H$35 -> 0 | H37: =C37*2.5+D37*4+E37*6 -> 0 | I37: =I36-H37 -> 100 | K37: =J37-A37 -> 0
F38: =C38+D38+E38 -> 0 | G38: =(C38*C$35+D38*D$35+E38*E$35)*H$35 -> 0 | H38: =C38*2.5+D38*4+E38*6 -> 0 | I38: =I37-H38 -> 100 | K38: =J38-A38 -> 0
F39: =C39+D39+E39 -> 0 | G39: =(C39*C$35+D39*D$35+E39*E$35)*H$35 -> 0 | H39: =C39*2.5+D39*4+E39*6 -> 0 | I39: =I38-H39 -> 100 | K39: =J39-A39 -> 0
F40: =C40+D40+E40 -> 0 | G40: =(C40*C$35+D40*D$35+E40*E$35)*H$35 -> 0 | H40: =C40*2.5+D40*4+E40*6 -> 0 | I40: =I39-H40 -> 100 | K40: =J40-A40 -> 0
F41: 0 | G41: =(C41*C$35+D41*D$35+E41*E$35)*H$35 -> 0 | H41: =C41*2.5+D41*4+E41*6 -> 0 | I41: =I40-H41 -> 100 | K41: =J41-A41 -> 0
F42: =C42+D42+E42 -> 0 | G42: =(C42*C$35+D42*D$35+E42*E$35)*H$35 -> 0 | H42: =C42*2.5+D42*4+E42*6 -> 0 | I42: =I41-H42 -> 100 | K42: =J42-A42 -> 0
A43: Jumlah | C43: =SUM(C36:C42) -> 0 | D43: =SUM(D36:D42) -> 0 | E43: =SUM(E36:E42) -> 0 | F43: =SUM(F36:F42) -> 0 | G43: =SUM(G36:G42) -> 0 | H43: =SUM(H36:H42) -> 0 | I43: =I32-H43 -> 100
G44: Capai % | H44: =H43/I32% -> 0 | I44: =I43/I32% -> 100
A46: PRODUK | B46: D I M A C I D E 400 EC | I46: TARGET | J46: PELUNASAN | L46: 46062
A47: TOKO | B47: PT. ANUGERAH AGRO MANDIRI - BANYUWANGI | I47: 100
A48: TANGGAL | B48: NO. SPB | C48: KEMASAN | F48: J U M L A H | I48: KURANG | J48: TANGGAL | K48: TEMPO
C49: 100 cc | D49: 500 cc | E49: 1000 cc | F49: DUS | G49: RUPIAH | H49: KG | I49: KG | K49: HARI
A50: berlaku | D50: 2200000
F51: =C51+D51+E51 -> 0 | G51: =(C51*C$50+D51*D$50+E51*E$50)*H$50 -> 0 | H51: =C51*5+D51*10+E51*6 -> 0 | I51: =I47-H51 -> 100 | K51: =J51-A51 -> 0
F52: =C52+D52+E52 -> 0 | G52: =(C52*C$50+D52*D$50+E52*E$50)*H$50 -> 0 | H52: =C52*2.5+D52*4+E52*6 -> 0 | I52: =I51-H52 -> 100 | K52: =J52-A52 -> 0
F53: =C53+D53+E53 -> 0 | G53: =(C53*C$50+D53*D$50+E53*E$50)*H$50 -> 0 | H53: =C53*2.5+D53*4+E53*6 -> 0 | I53: =I52-H53 -> 100 | K53: =J53-A53 -> 0
F54: =C54+D54+E54 -> 0 | G54: =(C54*C$50+D54*D$50+E54*E$50)*H$50 -> 0 | H54: =C54*2.5+D54*4+E54*6 -> 0 | I54: =I53-H54 -> 100 | K54: =J54-A54 -> 0
F55: =C55+D55+E55 -> 0 | G55: =(C55*C$50+D55*D$50+E55*E$50)*H$50 -> 0 | H55: =C55*2.5+D55*4+E55*6 -> 0 | I55: =I54-H55 -> 100 | K55: =J55-A55 -> 0
F56: 0 | G56: =(C56*C$50+D56*D$50+E56*E$50)*H$50 -> 0 | H56: =C56*2.5+D56*4+E56*6 -> 0 | I56: =I55-H56 -> 100 | K56: =J56-A56 -> 0
F57: =C57+D57+E57 -> 0 | G57: =(C57*C$50+D57*D$50+E57*E$50)*H$50 -> 0 | H57: =C57*2.5+D57*4+E57*6 -> 0 | I57: =I56-H57 -> 100 | K57: =J57-A57 -> 0
A58: Jumlah | C58: =SUM(C51:C57) -> 0 | D58: =SUM(D51:D57) -> 0 | E58: =SUM(E51:E57) -> 0 | F58: =SUM(F51:F57) -> 0 | G58: =SUM(G51:G57) -> 0 | H58: =SUM(H51:H57) -> 0 | I58: =I47-H58 -> 100
G59: Capai % | H59: =H58/I47% -> 0 | I59: =I58/I47% -> 100
A61: PRODUK | B61: D I M A C I D E 400 EC | I61: TARGET | J61: PELUNASAN | L61: 46077
A62: TOKO | B62: PT. SUMBER MAKMUR A - JOMBANG | I62: 100
A63: TANGGAL | B63: NO. SPB | C63: KEMASAN | F63: J U M L A H | I63: KURANG | J63: TANGGAL | K63: TEMPO
C64: 100 cc | D64: 500 cc | E64: 1000 cc | F64: DUS | G64: RUPIAH | H64: KG | I64: KG | K64: HARI
A65: berlaku | D65: 2200000
F66: =C66+D66+E66 -> 0 | G66: =(C66*C$35+D66*D$35+E66*E$35)*H$35 -> 0 | H66: =C66*5+D66*10+E66*6 -> 0 | I66: =I62-H66 -> 100 | K66: =J66-A66 -> 0
F67: =C67+D67+E67 -> 0 | G67: =(C67*C$35+D67*D$35+E67*E$35)*H$35 -> 0 | H67: =C67*2.5+D67*4+E67*6 -> 0 | I67: =I66-H67 -> 100 | K67: =J67-A67 -> 0
F68: =C68+D68+E68 -> 0 | G68: =(C68*C$35+D68*D$35+E68*E$35)*H$35 -> 0 | H68: =C68*2.5+D68*4+E68*6 -> 0 | I68: =I67-H68 -> 100 | K68: =J68-A68 -> 0
F69: =C69+D69+E69 -> 0 | G69: =(C69*C$35+D69*D$35+E69*E$35)*H$35 -> 0 | H69: =C69*2.5+D69*4+E69*6 -> 0 | I69: =I68-H69 -> 100 | K69: =J69-A69 -> 0
F70: =C70+D70+E70 -> 0 | G70: =(C70*C$35+D70*D$35+E70*E$35)*H$35 -> 0 | H70: =C70*2.5+D70*4+E70*6 -> 0 | I70: =I69-H70 -> 100 | K70: =J70-A70 -> 0
F71: 0 | G71: =(C71*C$35+D71*D$35+E71*E$35)*H$35 -> 0 | H71: =C71*2.5+D71*4+E71*6 -> 0 | I71: =I70-H71 -> 100 | K71: =J71-A71 -> 0
F72: =C72+D72+E72 -> 0 | G72: =(C72*C$35+D72*D$35+E72*E$35)*H$35 -> 0 | H72: =C72*2.5+D72*4+E72*6 -> 0 | I72: =I71-H72 -> 100 | K72: =J72-A72 -> 0
A73: Jumlah | C73: =SUM(C66:C72) -> 0 | D73: =SUM(D66:D72) -> 0 | E73: =SUM(E66:E72) -> 0 | F73: =SUM(F66:F72) -> 0 | G73: =SUM(G66:G72) -> 0 | H73: =SUM(H66:H72) -> 0 | I73: =I62-H73 -> 100
G74: Capai % | H74: =H73/I62% -> 0 | I74: =I73/I62% -> 100
A76: PRODUK | B76: D I M A C I D E 400 EC | I76: TARGET | J76: PELUNASAN | L76: 46072
A77: TOKO | B77: CV. SUBUR MAKMUR - PONOROGO | I77: 100
A78: TANGGAL | B78: NO. SPB | C78: KEMASAN | F78: J U M L A H | I78: KURANG | J78: TANGGAL | K78: TEMPO
C79: 100 cc | D79: 500 cc | E79: 1000 cc | F79: DUS | G79: RUPIAH | H79: KG | I79: KG | K79: HARI
A80: berlaku | D80: 2200000
F81: =C81+D81+E81 -> 0 | G81: =(C81*C$50+D81*D$50+E81*E$50)*H$50 -> 0 | H81: =C81*5+D81*10+E81*6 -> 0 | I81: =I77-H81 -> 100 | K81: =J81-A81 -> 0
F82: =C82+D82+E82 -> 0 | G82: =(C82*C$50+D82*D$50+E82*E$50)*H$50 -> 0 | H82: =C82*2.5+D82*4+E82*6 -> 0 | I82: =I81-H82 -> 100 | K82: =J82-A82 -> 0
F83: =C83+D83+E83 -> 0 | G83: =(C83*C$50+D83*D$50+E83*E$50)*H$50 -> 0 | H83: =C83*2.5+D83*4+E83*6 -> 0 | I83: =I82-H83 -> 100 | K83: =J83-A83 -> 0
F84: =C84+D84+E84 -> 0 | G84: =(C84*C$50+D84*D$50+E84*E$50)*H$50 -> 0 | H84: =C84*2.5+D84*4+E84*6 -> 0 | I84: =I83-H84 -> 100 | K84: =J84-A84 -> 0
F85: =C85+D85+E85 -> 0 | G85: =(C85*C$50+D85*D$50+E85*E$50)*H$50 -> 0 | H85: =C85*2.5+D85*4+E85*6 -> 0 | I85: =I84-H85 -> 100 | K85: =J85-A85 -> 0
F86: 0 | G86: =(C86*C$50+D86*D$50+E86*E$50)*H$50 -> 0 | H86: =C86*2.5+D86*4+E86*6 -> 0 | I86: =I85-H86 -> 100 | K86: =J86-A86 -> 0
F87: =C87+D87+E87 -> 0 | G87: =(C87*C$50+D87*D$50+E87*E$50)*H$50 -> 0 | H87: =C87*2.5+D87*4+E87*6 -> 0 | I87: =I86-H87 -> 100 | K87: =J87-A87 -> 0
A88: Jumlah | C88: =SUM(C81:C87) -> 0 | D88: =SUM(D81:D87) -> 0 | E88: =SUM(E81:E87) -> 0 | F88: =SUM(F81:F87) -> 0 | G88: =SUM(G81:G87) -> 0 | H88: =SUM(H81:H87) -> 0 | I88: =I77-H88 -> 100
G89: Capai % | H89: =H88/I77% -> 0 | I89: =I88/I77% -> 100
A91: PRODUK | B91: D I M A C I D E 400 EC | I91: TARGET | J91: PELUNASAN | L91: 46083
A92: TOKO | B92: PT. TANI SEJATI MANDIRI - MALANG | I92: 100
A93: TANGGAL | B93: NO. SPB | C93: KEMASAN | F93: J U M L A H | I93: KURANG | J93: TANGGAL | K93: TEMPO
C94: 100 cc | D94: 500 cc | E94: 1000 cc | F94: DUS | G94: RUPIAH | H94: KG | I94: KG | K94: HARI
A95: berlaku | D95: 2200000 | H95: 0.94
F96: =C96+D96+E96 -> 0 | G96: =(C96*C$95+D96*D$95+E96*E$95)*H$95 -> 0 | H96: =C96*5+D96*10+E96*6 -> 0 | I96: =I92-H96 -> 100 | K96: =J96-A96 -> 0
F97: =C97+D97+E97 -> 0 | G97: =(C97*C$50+D97*D$50+E97*E$50)*H$50 -> 0 | H97: =C97*2.5+D97*4+E97*6 -> 0 | I97: =I96-H97 -> 100 | K97: =J97-A97 -> 0
F98: =C98+D98+E98 -> 0 | G98: =(C98*C$50+D98*D$50+E98*E$50)*H$50 -> 0 | H98: =C98*2.5+D98*4+E98*6 -> 0 | I98: =I97-H98 -> 100 | K98: =J98-A98 -> 0
F99: =C99+D99+E99 -> 0 | G99: =(C99*C$50+D99*D$50+E99*E$50)*H$50 -> 0 | H99: =C99*2.5+D99*4+E99*6 -> 0 | I99: =I98-H99 -> 100 | K99: =J99-A99 -> 0
F100: =C100+D100+E100 -> 0 | G100: =(C100*C$50+D100*D$50+E100*E$50)*H$50 -> 0 | H100: =C100*2.5+D100*4+E100*6 -> 0 | I100: =I99-H100 -> 100 | K100: =J100-A100 -> 0
F101: 0 | G101: =(C101*C$50+D101*D$50+E101*E$50)*H$50 -> 0 | H101: =C101*2.5+D101*4+E101*6 -> 0 | I101: =I100-H101 -> 100 | K101: =J101-A101 -> 0
F102: =C102+D102+E102 -> 0 | G102: =(C102*C$50+D102*D$50+E102*E$50)*H$50 -> 0 | H102: =C102*2.5+D102*4+E102*6 -> 0 | I102: =I101-H102 -> 100 | K102: =J102-A102 -> 0
A103: Jumlah | C103: =SUM(C96:C102) -> 0 | D103: =SUM(D96:D102) -> 0 | E103: =SUM(E96:E102) -> 0 | F103: =SUM(F96:F102) -> 0 | G103: =SUM(G96:G102) -> 0 | H103: =SUM(H96:H102) -> 0 | I103: =I92-H103 -> 100
G104: Capai % | H104: =H103/I92% -> 0 | I104: =I103/I92% -> 100
A109: Total Jumlah DUS DIMACIDE 400 EC Toko | F109: =I4 -> 100
A111: Total Jumlah DUS pencapaian Toko target | F111: =F13 -> 0
...

Sheet Zn
A1: PENJUALAN PRODAK YANG DIPROGAM BERDASARKAN PENCAPAIAN TOKO
A2: =GDSL!A2 -> TAHUN 2026
A3: PRODUK | B3: MIKROFID Zn 14 | G3: TARGET | H3: PELUNASAN
A4: TOKO | B4: S U M B E R M A K M U R - J O M B A N G | G4: 250
A5: TANGGAL | B5: NO. SPB | C5: KEMASAN | D5: JUMLAH | E5: J U M L A H | G5: KURANG | H5: TANGGAL | I5: TEMPO
C6: 100 gram | D6: KG | E6: RUPIAH | F6: DUS | G6: DUS | I6: HARI
A7: berlaku | B7: 44866 | C7: 1683870 | D7: 5
D8: =(D$7*C8) -> 0 | E8: =(C8*C$7) -> 0 | F8: =C8 -> 0 | G8: =G4-F8 -> 250 | I8: =H8-A8 -> 0
D9: =(D$7*C9) -> 0 | E9: =(C9*C$7) -> 0 | F9: =C9 -> 0 | G9: =G8-F9 -> 250 | I9: =H9-A9 -> 0
D10: =(D$7*C10) -> 0 | E10: =(C10*C$7) -> 0 | F10: =C10 -> 0 | G10: =G9-F10 -> 250 | I10: =H10-A10 -> 0
D11: =(D$7*C11) -> 0 | E11: =(C11*C$7) -> 0 | F11: =C11 -> 0 | G11: =G10-F11 -> 250 | I11: =H11-A11 -> 0
D12: =(D$7*C12) -> 0 | E12: =(C12*C$7) -> 0 | F12: =C12 -> 0 | G12: =G11-F12 -> 250 | I12: =H12-A12 -> 0
A13: Jumlah | C13: =SUM(C8:C12) -> 0 | D13: =SUM(D8:D12) -> 0 | E13: =SUM(E8:E12) -> 0 | F13: =SUM(F8:F12) -> 0 | G13: =G4-F13 -> 250
E14: Capai % | F14: =F13/G4% -> 0 | G14: =G13/G4% -> 100
A17: PRODUK | B17: MIKROFID Zn 14 | G17: TARGET | H17: PELUNASAN
A18: TOKO | B18: PT. TUNAS ABADI INDOAGRO - BANYUWANGI | G18: 250
A19: TANGGAL | B19: NO. SPB | C19: KEMASAN | D19: JUMLAH | E19: J U M L A H | G19: KURANG | H19: TANGGAL | I19: TEMPO
C20: 100 gram | D20: KG | E20: RUPIAH | F20: DUS | G20: DUS | I20: HARI
A21: berlaku | B21: 44866 | C21: 1683870 | D21: 5
D22: =(D$21*C22) -> 0 | E22: =(C22*C$21) -> 0 | F22: =C22 -> 0 | G22: =G18-F22 -> 250 | I22: =H22-A22 -> 0
D23: =(D$21*C23) -> 0 | E23: =(C23*C$21) -> 0 | F23: =C23 -> 0 | G23: =G22-F23 -> 250 | I23: =H23-A23 -> 0
D24: =(D$21*C24) -> 0 | E24: =(C24*C$21) -> 0 | F24: =C24 -> 0 | G24: =G23-F24 -> 250 | I24: =H24-A24 -> 0
D25: =(D$21*C25) -> 0 | E25: =(C25*C$21) -> 0 | F25: =C25 -> 0 | G25: =G24-F25 -> 250 | I25: =H25-A25 -> 0
A26: Jumlah | C26: =SUM(C22:C25) -> 0 | D26: =SUM(D22:D25) -> 0 | E26: =SUM(E22:E25) -> 0 | F26: =SUM(F22:F25) -> 0 | G26: =G18-F26 -> 250
E27: Capai % | F27: =F26/G18% -> 0 | G27: =G26/G18% -> 100
A29: PRODUK | B29: MIKROFID Zn 14 | G29: TARGET | H29: PELUNASAN
A30: TOKO | B30: CV. TANI SUBUR AGRO M - SUMBAWA | G30: 50 | J30: GANTI NAMA :
A31: TANGGAL | B31: NO. SPB | C31: KEMASAN | D31: JUMLAH | E31: J U M L A H | G31: KURANG | H31: TANGGAL | I31: TEMPO | J31: PT.SENTRA NUSAGRO BHAKTI
C32: 100 gram | D32: KG | E32: RUPIAH | F32: DUS | G32: DUS | I32: HARI | J32: S U R A B A Y A
A33: berlaku | B33: 44866 | C33: 1683870 | D33: 5
D34: =(D$21*C34) -> 0 | E34: =(C34*C$33) -> 0 | F34: =C34 -> 0 | G34: =G30-F34 -> 50 | I34: =H34-A34 -> 0
D35: =(D$21*C35) -> 0 | E35: =(C35*C$33) -> 0 | F35: =C35 -> 0 | G35: =G34-F35 -> 50 | I35: =H35-A35 -> 0
D36: =(D$21*C36) -> 0 | E36: =(C36*C$33) -> 0 | F36: =C36 -> 0 | G36: =G35-F36 -> 50 | I36: =H36-A36 -> 0
D37: =(D$21*C37) -> 0 | E37: =(C37*C$33) -> 0 | F37: =C37 -> 0 | G37: =G36-F37 -> 50 | I37: =H37-A37 -> 0
A38: Jumlah | C38: =SUM(C34:C37) -> 0 | D38: =SUM(D34:D37) -> 0 | E38: =SUM(E34:E37) -> 0 | F38: =SUM(F34:F37) -> 0 | G38: =G30-F38 -> 50
E39: Capai % | F39: =F38/G30% -> 0 | G39: =G38/G30% -> 100
A41: Total Jumlah DUS Mikrofid Zn 14 Toko yang ditarget | F41: =G30+G18+G4 -> 550
A43: Total Jumlah DUS pencapaian Toko yang ditarget | F43: =F38+F26+F13 -> 0
A45: Total jumlah kekurangan DUS capai target | F45: =F41-F43 -> 550
A47: Rata-2 % pencapaian target Toko | F47: =F43/F41% -> 0
A49: Rata-2 % kurang pencapaian target Toko | F49: =F45/F41% -> 100
A51: Total jumlah Kg pencapaian target Toko | F51: =D38+D26+D13 -> 0
A53: Total nilai Jumlah RUPIAH Toko yang ditarget | F53: =E38+E26+E13 -> 0

Sheet RKP PRDAK
A1: REKAPAN OMZET PENJUALAN PRODAK YANG DIPROGAM BERDASARKAN PENCAPAIAN TOKO
A2: Tahun 2025
A3: AREA | B3: NAMA PRODAK | C3: No. | D3: NAMA TOKO | E3: ALAMAT | F3: TARGET | G3: PENJUALAN | I3: KRG/LBH | J3: TERCAPAI | K3: J U M L A H
C4: URUT | E4: TOKO | F4: DUS/TH | G4: DUS | H4: KG | I4: DUS | J4: % | K4: Rp.
A5: 1 | B5: GANDAPAN | C5: 1 | D5: Sumber Makmur | E5: Jombang | F5: =Gdpn!I4 -> 160 | G5: =Gdpn!H13 -> 0 | H5: =Gdpn!F13 -> 0 | I5: =G5-F5 -> -160 | J5: =G5/F5% -> 0 | K5: =Gdpn!G13 -> 0
A6: 4 | B6: GANDAPAN | C6: 2 | D6: PT.Anugerah Agro M | E6: Banyuwangi | F6: =Gdpn!I31 -> 350 | G6: =Gdpn!H45 -> 49 | H6: =Gdpn!F45 -> 490 | I6: =G6-F6 -> -301 | J6: =G6/F6% -> 14 | K6: =Gdpn!G45 -> 53768400
A7: 5 | B7: GANDAPAN | C7: 3 | D7: Tani Sejati | E7: Malang | F7: =Gdpn!I49 -> 50 | G7: =Gdpn!H56 -> 0 | H7: =Gdpn!F56 -> 0 | I7: =G7-F7 -> -50 | J7: =G7/F7% -> 0 | K7: =Gdpn!G56 -> 0
E8: JUMLAH | F8: =SUM(F5:F7) -> 560 | G8: =SUM(G5:G7) -> 49 | H8: =SUM(H5:H7) -> 490 | I8: =SUM(I5:I7) -> -511 | J8: =G8/F8% -> 8.75 | K8: =SUM(K5:K7) -> 53768400
A11: AREA | B11: NAMA PRODAK | C11: No. | D11: NAMA TOKO | E11: ALAMAT | F11: TARGET | G11: PENJUALAN | I11: KRG/LBH | J11: TERCAPAI | K11: J U M L A H
C12: URUT | E12: TOKO | F12: DUS/TH | G12: DUS | H12: KG | I12: DUS | J12: % | K12: Rp.
A13: 1 | B13: MIKROFID Zn 14 | C13: 1 | D13: Sumber Makmur | E13: Jombang | F13: =Zn!G4 -> 250 | G13: =Zn!F13 -> 0 | H13: =Zn!D13 -> 0 | I13: =G13-F13 -> -250 | J13: =G13/F13% -> 0 | K13: =Zn!E13 -> 0
A14: 4 | B14: MIKROFID Zn 14 | C14: 2 | D14: CV.Tunasindo U | E14: Banyuwangi | F14: =Zn!G18 -> 250 | G14: =Zn!F26 -> 0 | H14: =Zn!D26 -> 0 | I14: =G14-F14 -> -250 | J14: =G14/F14% -> 0 | K14: =Zn!E26 -> 0
E15: JUMLAH | F15: =SUM(F13:F14) -> 500 | G15: =SUM(G13:G14) -> 0 | H15: =SUM(H13:H14) -> 0 | I15: =SUM(I13:I14) -> -500 | J15: =G15/F15% -> 0 | K15: =SUM(K13:K14) -> 0
A18: AREA | B18: NAMA PRODAK | C18: No. | D18: NAMA TOKO | E18: ALAMAT | F18: TARGET | G18: PENJUALAN | I18: KRG/LBH | J18: TERCAPAI | K18: J U M L A H | L18: TIDAK DIPROGAM
C19: URUT | E19: TOKO | F19: DUS / TH | G19: DUS | H19: KG | I19: DUS | J19: % | K19: Rp.
A20: 1 | B20: OSMOCOTE | C20: 1 | D20: Sumber Makmur | E20: Jombang | F20: =Osmocote!J4 -> 250 | G20: =Osmocote!I20 -> 0 | H20: =Osmocote!G20 -> 0 | I20: =G20-F20 -> -250 | J20: =G20/F20% -> 0 | K20: =Osmocote!H20 -> 0
A21: 4 | B21: OSMOCOTE | C21: 3 | D21: Tria Garden | E21: Bali | F21: =Osmocote!J121 -> 500 | G21: =Osmocote!I155 -> 10 | H21: =Osmocote!G22 -> 0 | I21: =G21-F21 -> -490 | J21: =G21/F21% -> 2 | K21: =Osmocote!H155 -> 12000210
A22: 5 | B22: OSMOCOTE | C22: 4 | D22: Mitra Flora N | E22: Batu | F22: =Osmocote!J159 -> 200 | G22: =Osmocote!I171 -> 0 | H22: =Osmocote!G74 -> 0 | I22: =G22-F22 -> -200 | J22: =G22/F22% -> 0 | K22: =Osmocote!H171 -> 0
E23: JUMLAH | F23: =SUM(F18:F22) -> 950 | G23: =SUM(G18:G22) -> 10 | H23: =SUM(H18:H22) -> 0 | I23: =SUM(I18:I22) -> -940 | J23: =G23/F23% -> 1.0526316 | K23: =SUM(K20:K22) -> 12000210
A26: AREA | B26: NAMA PRODAK | C26: No. | D26: NAMA TOKO | E26: ALAMAT | F26: TARGET | G26: PENJUALAN | I26: KRG/LBH | J26: TERCAPAI | K26: J U M L A H | L26: TIDAK DIPROGAM
C27: URUT | E27: TOKO | F27: DUS/TH | G27: DUS | H27: LITER | I27: DUS | J27: % | K27: Rp.
A28: 3 | B28: GANDASTAR | C28: 1 | D28: Sumber Makmur | E28: Probolinggo | F28: =Gdtar!I4 -> 100 | G28: =Gdtar!H18 -> 0 | H28: =Gdtar!F18 -> 0 | I28: =G28-F28 -> -100 | J28: =G28/F28% -> 0 | K28: =Gdtar!G18 -> 0
A29: 4 | B29: GANDASTAR | C29: 2 | D29: Agro Prima | E29: Bali | F29: =Gdtar!I23 -> 300 | G29: =Gdtar!H38 -> 0 | H29: =Gdtar!F38 -> 0 | I29: =G29-F29 -> -300 | J29: =G29/F29% -> 0 | K29: =Gdtar!G38 -> 0
E30: JUMLAH | F30: =SUM(F28:F29) -> 400 | G30: =SUM(G28:G29) -> 0 | H30: =SUM(H28:H29) -> 0 | I30: =SUM(I28:I29) -> -400 | J30: =G30/F30% -> 0 | K30: =SUM(K28:K29) -> 0
A32: AREA | B32: NAMA PRODAK | C32: No. | D32: NAMA TOKO | E32: ALAMAT | F32: TARGET | G32: PENJUALAN | I32: KRG/LBH | J32: TERCAPAI | K32: J U M L A H
C33: URUT | E33: TOKO | F33: DUS/TH | G33: DUS | H33: LITER | I33: DUS | J33: % | K33: Rp.
A34: 1 | B34: MASTOFOL T | C34: 1 | D34: Sumber Makmur | E34: Jombang | F34: =Mstfl!I4 -> 300 | G34: =Mstfl!H19 -> 0 | H34: =Mstfl!F19 -> 0 | I34: =G34-F34 -> -300 | J34: =G34/F34% -> 0 | K34: =Mstfl!G19 -> 0
A35: 4 | B35: MASTOFOL T | C35: 2 | D35: PT.Anugerah AM | E35: Banyuwangi | F35: =Mstfl!I24 -> 500 | G35: =Mstfl!H36 -> 0 | H35: =Mstfl!F36 -> 0 | I35: =G35-F35 -> -500 | J35: =G35/F35% -> 0 | K35: =Mstfl!G36 -> 0
E36: JUMLAH | F36: =SUM(F34:F35) -> 800 | G36: =SUM(G34:G35) -> 0 | H36: =SUM(H34:H35) -> 0 | I36: =SUM(I34:I35) -> -800 | J36: =G36/F36% -> 0 | K36: =SUM(K34:K35) -> 0
A39: AREA | B39: NAMA PRODAK | C39: No. | D39: NAMA TOKO | E39: ALAMAT | F39: TARGET | G39: PENJUALAN | I39: KRG/LBH | J39: TERCAPAI | K39: J U M L A H
C40: URUT | E40: TOKO | F40: DUS/TH | G40: DUS | H40: LITER | I40: DUS | J40: % | K40: Rp.
A41: 1 | B41: DEKORGAN PLUS | C41: 1 | D41: Sumber Makmur | E41: Jombang | F41: =Dkg!I4 -> 50 | G41: =Dkg!H19 -> 0 | H41: =Dkg!F19 -> 0 | I41: =G41-F41 -> -50 | J41: =G41/F41% -> 0 | K41: =Dkg!G19 -> 0
E42: JUMLAH | F42: =SUM(F41:F41) -> 50 | G42: =SUM(G41:G41) -> 0 | H42: =SUM(H41:H41) -> 0 | I42: =SUM(I41:I41) -> -50 | J42: =G42/F42% -> 0 | K42: =SUM(K41:K41) -> 0
A45: AREA | B45: NAMA PRODAK | C45: No. | D45: NAMA TOKO | E45: ALAMAT | F45: TARGET | G45: PENJUALAN | I45: KRG/LBH | J45: TERCAPAI | K45: J U M L A H
C46: URUT | E46: TOKO | F46: DUS/TH | G46: DUS | H46: LITER | I46: DUS | J46: % | K46: Rp.
A47: 1 | B47: DEKAMON 22,43 L | C47: 1 | D47: Sumber Makmur | E47: Jombang | F47: ='Dkm Cair'!I4 -> 400 | G47: ='Dkm Cair'!H11 -> 0 | H47: ='Dkm Cair'!F11 -> 0 | I47: ='Dkm Cair'!F11 -> 0 | J47: ='Dkm Cair'!H12 -> 0 | K47: ='Dkm Cair'!G11 -> 0
A48: 2 | B48: DEKAMON 22,43 L | C48: 2 | D48: CV.Subur Makmur | E48: Ponorogo | F48: ='Dkm Cair'!I15 -> 600 | G48: ='Dkm Cair'!H30 -> 50 | H48: ='Dkm Cair'!F30 -> 250 | I48: =G48-F48 -> -550 | J48: =G48/F48% -> 8.3333333 | K48: ='Dkm Cair'!G30 -> 47805480
A49: 3 | B49: DEKAMON 22,43 L | C49: 3 | D49: PT.Karisma Indo A | E49: Jember | F49: ='Dkm Cair'!I35 -> 1200 | G49: ='Dkm Cair'!H61 -> 135 | H49: ='Dkm Cair'!F61 -> 2420 | I49: =G49-F49 -> -1065 | J49: =G49/F49% -> 11.25 | K49: ='Dkm Cair'!G61 -> 176449596
A50: 4 | B50: DEKAMON 22,43 L | C50: 4 | D50: PT.Anugrah AM | E50: Banyuwangi | F50: ='Dkm Cair'!I66 -> 700 | G50: ='Dkm Cair'!H80 -> 0 | H50: ='Dkm Cair'!F80 -> 0 | I50: =G50-F50 -> -700 | J50: =G50/F50% -> 0 | K50: ='Dkm Cair'!G80 -> 0
A51: 4 | B51: DEKAMON 22,43 L | C51: 5 | D51: CV.Tunasindo U | E51: Banyuwangi | F51: ='Dkm Cair'!I85 -> 300 | G51: ='Dkm Cair'!D93 -> 0 | H51: ='Dkm Cair'!F93 -> 0 | I51: =G51-F51 -> -300 | J51: =G51/F51% -> 0 | K51: ='Dkm Cair'!G93 -> 0
A52: 5 | B52: DEKAMON 22,43 L | C52: 6 | D52: PT.Tani Sejati M | E52: Malang | F52: ='Dkm Cair'!I109 -> 100 | G52: ='Dkm Cair'!H122 -> 0 | H52: ='Dkm Cair'!F122 -> 0 | I52: =G52-F52 -> -100 | J52: =G52/F52% -> 0 | K52: ='Dkm Cair'!G122 -> 0
A53: 5 | B53: DEKAMON 22,43 L | C53: 7 | D53: Sumber Makmur | E53: Malang | F53: ='Dkm Cair'!I127 -> 2000 | G53: ='Dkm Cair'!H143 -> 400 | H53: ='Dkm Cair'!F143 -> 5700 | I53: =G53-F53 -> -1600 | J53: =G53/F53% -> 20 | K53: ='Dkm Cair'!G143 -> 487618560
E54: JUMLAH | F54: =SUM(F47:F53) -> 5300 | G54: =SUM(G47:G53) -> 585 | H54: =SUM(H47:H53) -> 8370 | I54: =SUM(I47:I53) -> -4315 | J54: =SUM(J47:J53) -> 39.583333 | K54: =SUM(K47:K53) -> 711873636
A57: AREA | B57: NAMA PRODAK | C57: No. | D57: NAMA TOKO | E57: ALAMAT | F57: TARGET | G57: PENJUALAN | I57: KRG/LBH | J57: TERCAPAI | K57: J U M L A H
C58: URUT | E58: TOKO | F58: DUS/TH | G58: DUS | H58: KG | I58: DUS | J58: % | K58: Rp.
A59: 1 | B59: DEKAMON 1,2 G | C59: 1 | D59: PT.Sumber Makmur | E59: Jombang | F59: ='Dkm 1,2'!G4 -> 100 | G59: ='Dkm 1,2'!F14 -> 35 | H59: ='Dkm 1,2'!D14 -> 350 | I59: =G59-F59 -> -65 | J59: =G59/F59% -> 35 | K59: ='Dkm 1,2'!E14 -> 27195000
A60: 4 | B60: DEKAMON 1,2 G | C60: 2 | D60: CV.Tunasindo U | E60: Banyuwangi | F60: ='Dkm 1,2'!G19 -> 100 | G60: ='Dkm 1,2'!F27 -> 0 | H60: ='Dkm 1,2'!D27 -> 0 | I60: =G60-F60 -> -100 | J60: =G60/F60% -> 0 | K60: ='Dkm 1,2'!E27 -> 0
E61: JUMLAH | F61: =SUM(F59:F60) -> 200 | G61: =SUM(G59:G60) -> 35 | H61: =SUM(H59:H60) -> 350 | I61: =SUM(I59:I60) -> -165 | J61: =G61/F61% -> 17.5 | K61: =SUM(K59:K60) -> 27195000
A64: AREA | B64: NAMA PRODAK | C64: No. | D64: NAMA TOKO | E64: ALAMAT | F64: TARGET | G64: PENJUALAN | I64: KRG/LBH | J64: TERCAPAI | K64: J U M L A H
C65: Urut | E65: TOKO | F65: DUS/TH | G65: DUS | H65: KG | I65: DUS | J65: % | K65: Rp.
A66: 1 | B66: MASALGIN 50 WP | C66: 1 | D66: PT.Sumber Makmur | E66: Jombang | F66: =Msg!K4 -> 50 | G66: =Msg!J15 -> 0 | H66: =Msg!H15 -> 0 | I66: =G66-F66 -> -50 | J66: =G66/F66% -> 0 | K66: =Msg!I15 -> 0
A67: 4 | B67: MASALGIN 50 WP | C67: 2 | D67: PT.Anugerah AM | E67: Banyuwangi | F67: =Msg!K20 -> 700 | G67: =Msg!J37 -> 200 | H67: =Msg!H37 -> 1020 | I67: =G67-F67 -> -500 | J67: =G67/F67% -> 28.571429 | K67: =Msg!I37 -> 461444760
E68: JUMLAH | F68: =SUM(F66:F67) -> 750 | G68: =SUM(G66:G67) -> 200 | H68: =SUM(H66:H67) -> 1020 | I68: =SUM(I66:I67) -> -550 | J68: =G68/F68% -> 26.666667 | K68: =SUM(K66:K67) -> 461444760
A70: AREA | B70: NAMA PRODAK | C70: No. | D70: NAMA TOKO | E70: ALAMAT | F70: TARGET | G70: PENJUALAN | I70: KRG/LBH | J70: TERCAPAI | K70: J U M L A H
C71: Urut | E71: TOKO | F71: DUS/TH | G71: DUS | H71: KG | I71: DUS | J71: % | K71: Rp.
A72: 3 | B72: DEKAPIRIM 400 SC | C72: 1 | D72: PT. Karisma Indo | E72: Jember | F72: =Dkprm!I4 -> 1000 | G72: =Dkprm!H16 -> 150 | H72: =Dkprm!F16 -> 0 | I72: =G72-F72 -> -850 | J72: =G72/F72% -> 15 | K72: =Dkprm!G16 -> 136241400
E73: JUMLAH | F73: =SUM(F70:F72) -> 1000 | G73: =SUM(G70:G72) -> 150 | H73: =SUM(H70:H72) -> 0 | I73: =SUM(I70:I72) -> -850 | J73: =G73/F73% -> 15 | K73: =SUM(K70:K72) -> 136241400
A75: AREA | B75: NAMA PRODAK | C75: No. | D75: NAMA TOKO | E75: ALAMAT | F75: TARGET | G75: PENJUALAN | I75: KRG/LBH | J75: TERCAPAI | K75: J U M L A H
C76: Urut | E76: TOKO | F76: DUS/TH | G76: DUS | H76: KG | I76: DUS | J76: % | K76: Rp.
A77: 3 | B77: DEKTIN 30 WG | C77: 1 | D77: PT. Karisma Indo | E77: Jember | F77: =Dktn!I4 -> 1000 | G77: =Dktn!H21 -> 12.5 | H77: =Dkprm!F21 -> 0 | I77: =G77-F77 -> -987.5 | J77: =G77/F77% -> 1.25 | K77: =Dkprm!G21 -> 1000
E78: JUMLAH | F78: =SUM(F75:F77) -> 1000 | G78: =SUM(G75:G77) -> 12.5 | H78: =SUM(H75:H77) -> 0 | I78: =SUM(I75:I77) -> -987.5 | J78: =G78/F78% -> 1.25 | K78: =Dktn!G21 -> 18453750
A81: AREA | B81: NAMA PRODAK | C81: No. | D81: NAMA TOKO | E81: ALAMAT | F81: TARGET | G81: PENJUALAN | I81: KRG/LBH | J81: TERCAPAI | K81: J U M L A H
C82: Urut | E82: TOKO | F82: DUS/TH | G82: DUS | H82: KG | I82: DUS | J82: % | K82: Rp.
A83: 1 | B83: GANDASIL | C83: 1 | D83: Sumber Makmur | E83: Jombang | F83: =GDSL!J58 -> 7000 | G83: =GDSL!I78 -> 1500 | H83: =GDSL!G78 -> 18960 | I83: =G83-F83 -> -5500 | J83: =G83/F83% -> 21.428571 | K83: =GDSL!H78 -> 1536765696
A84: 2 | B84: GANDASIL | C84: 2 | D84: CV.Subur Makmur | E84: Ponorogo | F84: =GDSL!J4 -> 10000 | G84: =GDSL!I33 -> 1050.95 | H84: =GDSL!G33 -> 12960 | I84: =G84-F84 -> -8949.05 | J84: =G84/F84% -> 10.5095 | K84: =GDSL!H33 -> 1047561390
C85: 3 | D85: PT.Mahatma A | E85: Nganjuk | F85: =GDSL!J37 -> 5000 | G85: =GDSL!I53 -> 500 | H85: =GDSL!G53 -> 6360 | I85: =G85-F85 -> -4500 | J85: =G85/F85% -> 10 | K85: =GDSL!H53 -> 512702784
A86: 3 | B86: GANDASIL | C86: 4 | D86: PT. Karisma Indo | E86: Jember | F86: =GDSL!J83 -> 55000 | G86: =GDSL!I129 -> 9000 | H86: =GDSL!G129 -> 112800 | I86: =G86-F86 -> -46000 | J86: =G86/F86% -> 16.363636 | K86: =GDSL!H129 -> 8894463300
A87: 4 | B87: GANDASIL | C87: 5 | D87: CV.Anugerah Agro | E87: Banyuwangi | F87: =GDSL!J134 -> 7500 | G87: =GDSL!I159 -> 1700 | H87: =GDSL!G159 -> 21600 | I87: =G87-F87 -> -5800 | J87: =G87/F87% -> 22.666667 | K87: =GDSL!H159 -> 1764249984
C88: 6 | D88: CV.Tunasindo U | E88: Banyuwangi | F88: =GDSL!J164 -> 5000 | G88: =GDSL!I180 -> 500 | H88: =GDSL!G180 -> 6120 | I88: =G88-F88 -> -4500 | J88: =G88/F88% -> 10 | K88: =GDSL!H180 -> 494193312
A89: 5 | B89: GANDASIL | C89: 7 | D89: Tani Sejati | E89: Malang | F89: =GDSL!J214 -> 5000 | G89: =GDSL!I227 -> 1000 | H89: =GDSL!G227 -> 12480 | I89: =G89-F89 -> -4000 | J89: =G89/F89% -> 20 | K89: =GDSL!H227 -> 1004946048
E90: JUMLAH | F90: =SUM(F83:F89) -> 94500 | G90: =SUM(G83:G89) -> 15250.95 | H90: =SUM(H83:H89) -> 191280 | I90: =SUM(I83:I89) -> -79249.05 | J90: =G90/F90% -> 16.138571 | K90: =SUM(K83:K89) -> 15254882514
B92: JUMLAH PENJUALAN TAHUN 2025
B93: PRODUK | D93: JUMLAH | E93: CAPAI (%)
B94: GANDAPAN | C94: = | D94: =K8 -> 53768400 | E94: =J8 -> 8.75
B95: MIKROFID Zn | C95: = | D95: =K15 -> 0 | E95: =J15 -> 0
B96: DEKASTAR | C96: = | D96: =K23 -> 12000210 | E96: =J23 -> 1.0526316
B97: GANDASTAR | C97: = | D97: =K30 -> 0 | E97: =J30 -> 0
B98: DEKAMON | C98: = | D98: =K54 -> 711873636 | E98: =J54 -> 39.583333
B99: DEKAMON 1,2 | C99: = | D99: =K61 -> 27195000 | E99: =J61 -> 17.5
B100: MASALGIN | C100: = | D100: =K68 -> 461444760 | E100: =J68 -> 26.666667
B101: GANDASIL | C101: = | D101: =K90 -> 15254882514 | E101: =J90 -> 16.138571
B102: JUMLAH | C102: = | D102: =SUM(D94:D101) -> 16521164520

Sheet RKP TOKO 
A1: DATA REKAP PENJUALAN TIAP-2 PRODAK TARGET PER TOKO TAHUN 2025
A3: AREA | B3: No. | C3: NAMA TOKO | D3: No. | E3: NAMA PRODUK | F3: TARGET | G3: PENJUALAN | I3: KRG/LBH | J3: TERCAPAI | K3: J U M L A H | L3: RATA-2 % | M3: RATA-2 %
B4: Toko | D4: Prodak | F4: DUS/TH | G4: DUS | H4: KG / LTR | I4: DUS | J4: % | K4: Rp. | L4: TERCAPAI | M4: PER WILAYAH
A5: 1 | B5: 1 | C5: SUMBER MAKMUR | D5: 1 | E5: GANDASIL | F5: =GDSL!J58 -> 7000 | G5: =GDSL!I78 -> 1500 | H5: =GDSL!G78 -> 18960 | I5: =G5-F5 -> -5500 | J5: =G5/F5% -> 21.428571 | K5: =GDSL!H78 -> 1536765696
C6: JOMBANG | D6: 2 | E6: Gandapan | F6: =Gdpn!I4 -> 160 | G6: =Gdpn!H13 -> 0 | H6: =Gdpn!F13 -> 0 | I6: =G6-F6 -> -160 | J6: =G6/F6% -> 0 | K6: =Gdpn!G13 -> 0
D7: 3 | E7: Mastofol Tristar | F7: =Mstfl!I4 -> 300 | G7: =Mstfl!H19 -> 0 | H7: =Mstfl!F19 -> 0 | I7: =G7-F7 -> -300 | J7: =G7/F7% -> 0 | K7: =Mstfl!G19 -> 0
D8: 4 | E8: Dekorgan Plus | F8: =Dkg!I4 -> 50 | G8: =Dkg!H19 -> 0 | H8: =Dkg!F19 -> 0 | I8: =G8-F8 -> -50 | J8: =G8/F8% -> 0 | K8: =Dkg!G19 -> 0
D9: 5 | E9: Mikrofid Zn 14 | F9: =Zn!G4 -> 250 | G9: =Zn!F13 -> 0 | H9: =Zn!D13 -> 0 | I9: =G9-F9 -> -250 | J9: =G9/F9% -> 0 | K9: =Zn!E13 -> 0
D10: 6 | E10: Dekamon 1,2 G | F10: ='Dkm 1,2'!G4 -> 100 | G10: ='Dkm 1,2'!F14 -> 35 | H10: ='Dkm 1,2'!D14 -> 350 | I10: =G10-F10 -> -65 | J10: =G10/F10% -> 35 | K10: ='Dkm 1,2'!E14 -> 27195000
D11: 7 | E11: Masalgin 50 WP | F11: =Msg!K4 -> 50 | G11: =Msg!J15 -> 0 | H11: =Msg!H15 -> 0 | I11: =G11-F11 -> -50 | J11: =G11/F11% -> 0 | K11: =Msg!I15 -> 0
D12: 8 | E12: Velimek 52,5 WG | F12: =Vlmk!I4 -> 50 | G12: =Vlmk!H21 -> 0 | H12: =Vlmk!F21 -> 0 | I12: =G12-F12 -> -50 | J12: =G12/F12% -> 0 | K12: =Vlmk!G21 -> 0
J13: Jumlah | K13: =SUM(K5:K12) -> 1563960696 | L13: =AVERAGE(J5:J11) -> 8.0612245
A17: AREA | B17: No. | C17: NAMA TOKO | D17: No. | E17: NAMA PRODUK | F17: TARGET | G17: PENJUALAN | I17: KRG/LBH | J17: TERCAPAI | K17: J U M L A H
B18: URUT | D18: Prodak | F18: DUS/TH | G18: DUS | H18: KG / LTR | I18: DUS | J18: % | K18: Rp.
A19: 2 | B19: 1 | C19: CV.SUBUR MAKMUR | D19: 1 | E19: GANDASIL | F19: =GDSL!J4 -> 10000 | G19: =GDSL!I33 -> 1050.95 | H19: =GDSL!G33 -> 12960 | I19: =G19-F19 -> -8949.05 | J19: =G19/F19% -> 10.5095 | K19: =GDSL!H33 -> 1047561390
C20: PONOROGO | D20: 2 | E20: Dekamon 22,43 L | F20: ='Dkm Cair'!I15 -> 600 | G20: ='Dkm Cair'!H30 -> 50 | H20: ='Dkm Cair'!F30 -> 250 | I20: =G20-F20 -> -550 | J20: =G20/F20% -> 8.3333333 | K20: ='Dkm Cair'!G30 -> 47805480
J21: Jumlah | K21: =SUM(K19:K20) -> 1095366870 | L21: =AVERAGE(J19:J20) -> 9.4214167
A24: 2 | B24: 2 | C24: MAHATMA AGRO | D24: 1 | E24: GANDASIL | F24: =GDSL!J37 -> 5000 | G24: =GDSL!I53 -> 500 | H24: =GDSL!G54 -> 0 | I24: =F24-G24 -> 4500 | J24: =G24/F24% -> 10 | K24: =GDSL!H53 -> 512702784
C25: NGANJUK | J25: Jumlah | K25: =SUM(K24:K24) -> 512702784 | L25: =AVERAGE(J24) -> 10
A28: AREA | B28: No. | C28: NAMA TOKO | D28: No. | E28: NAMA PRODUK | F28: TARGET | G28: PENJUALAN | I28: KRG/LBH | J28: TERCAPAI | K28: J U M L A H
B29: URUT | D29: Prodak | F29: DUS/TH | G29: DUS | H29: KG / LTR | I29: KG | J29: % | K29: Rp.
A30: 3 | B30: 1 | C30: KARISMA INDOAGRO | D30: 1 | E30: GANDASIL | F30: =GDSL!J83 -> 55000 | G30: =GDSL!I129 -> 9000 | H30: =GDSL!G129 -> 112800 | I30: =G30-F30 -> -46000 | J30: =G30/F30% -> 16.363636 | K30: =GDSL!H129 -> 8894463300
C31: JEMBER | D31: 2 | E31: Dekamon 22,43 L | F31: ='Dkm Cair'!I35 -> 1200 | G31: ='Dkm Cair'!H61 -> 135 | H31: ='Dkm Cair'!F61 -> 2420 | I31: =G31-F31 -> -1065 | J31: =G31/F31% -> 11.25 | K31: ='Dkm Cair'!G61 -> 176449596
D32: 3 | E32: Dekapirim 400 SC | F32: =Dkprm!I4 -> 1000 | G32: =Dkprm!F16 -> 0 | H32: =Dkprm!H16 -> 150 | I32: =G32-F32 -> -1000 | J32: =G32/F32% -> 0 | K32: =Dkprm!G16 -> 136241400
D33: 4 | E33: Dektin 30 WG | F33: =Dktn!I4 -> 1000 | G33: =Dktn!H21 -> 12.5 | H33: =Dktn!F21 -> 5 | I33: =G33-F33 -> -987.5 | J33: =G33/F33% -> 1.25 | K33: =Dktn!G21 -> 18453750
J34: Jumlah | K34: =SUM(K30:K33) -> 9225608046 | L34: =AVERAGE(J30:J31) -> 13.806818
A37: AREA | B37: No. | C37: NAMA TOKO | D37: No. | E37: NAMA PRODUK | F37: TARGET | G37: PENJUALAN | I37: KRG/LBH | J37: TERCAPAI | K37: J U M L A H
B38: URUT | D38: Prodak | F38: DUS/TH | G38: DUS | H38: KG / LTR | I38: KG | J38: % | K38: Rp.
A39: 4 | B39: 1 | C39: ANUGERAH AGRO M | D39: 1 | E39: GANDASIL | F39: =GDSL!J134 -> 7500 | G39: =GDSL!I159 -> 1700 | H39: =GDSL!G159 -> 21600 | I39: =G39-F39 -> -5800 | J39: =G39/F39% -> 22.666667 | K39: =GDSL!H159 -> 1764249984
C40: BANYUWANGI | D40: 2 | E40: Gandapan | F40: =Gdpn!I31 -> 350 | G40: =Gdpn!H45 -> 49 | H40: =Gdpn!F45 -> 490 | I40: =G40-F40 -> -301 | J40: =G40/F40% -> 14 | K40: =Gdpn!G45 -> 53768400
D41: 3 | E41: Mastofol Tristar | F41: =Mstfl!I24 -> 500 | G41: =Mstfl!H36 -> 0 | H41: =Mstfl!F36 -> 0 | I41: =G41-F41 -> -500 | J41: =G41/F41% -> 0 | K41: =Mstfl!G36 -> 0
D42: 4 | E42: Dekamon 22,43 L | F42: ='Dkm Cair'!I66 -> 700 | G42: ='Dkm Cair'!H80 -> 0 | H42: ='Dkm Cair'!F80 -> 0 | I42: =G42-F42 -> -700 | J42: =G42/F42% -> 0 | K42: ='Dkm Cair'!G80 -> 0
D43: 5 | E43: Masalgin 50 WP | F43: =Msg!K20 -> 700 | G43: =Msg!J37 -> 200 | H43: =Msg!H37 -> 1020 | I43: =G43-F43 -> -500 | J43: =G43/F43% -> 28.571429 | K43: =Msg!I37 -> 461444760
D44: 6 | E44: Velimek 52,5 WG | F44: =Vlmk!I25 -> 100 | G44: =Vlmk!H42 -> 0 | H44: =Vlmk!F42 -> 0 | I44: =G44-F44 -> -100 | J44: =G44/F44% -> 0 | K44: =Vlmk!G42 -> 0
J45: Jumlah | K45: =SUM(K39:K44) -> 2279463144 | L45: =AVERAGE(J39:J43) -> 13.047619
A47: 4 | B47: 2 | C47: TUNAS ABADI INDOAGRO | D47: 1 | E47: GANDASIL | F47: =GDSL!J164 -> 5000 | G47: =GDSL!I180 -> 500 | H47: =GDSL!G180 -> 6120 | I47: =G47-F47 -> -4500 | J47: =G47/F47% -> 10 | K47: =GDSL!H180 -> 494193312
C48: BANYUWANGI | D48: 2 | E48: Mikrofid Zn 14 | F48: =Zn!G18 -> 250 | G48: =Zn!F26 -> 0 | H48: =Zn!D26 -> 0 | I48: =G48-F48 -> -250 | J48: =G48/F48% -> 0 | K48: =Zn!E26 -> 0
D49: 3 | E49: Dekamon 22,43 L | F49: ='Dkm Cair'!I85 -> 300 | G49: ='Dkm Cair'!D93 -> 0 | H49: ='Dkm Cair'!F93 -> 0 | I49: =G49-F49 -> -300 | J49: =G49/F49% -> 0 | K49: ='Dkm Cair'!G93 -> 0
D50: 4 | E50: Dekamon 1,2 G | F50: ='Dkm 1,2'!G19 -> 100 | G50: ='Dkm 1,2'!F27 -> 0 | H50: ='Dkm 1,2'!D27 -> 0 | I50: =G50-F50 -> -100 | J50: =G50/F50% -> 0 | K50: ='Dkm 1,2'!E27 -> 0
J51: Jumlah | K51: =SUM(K47:K50) -> 494193312 | L51: =AVERAGE(J47:J50) -> 2.5
A53: 4 | B53: 3 | C53: AGRO PRIMA | D53: 1 | E53: Gandastar | F53: =Gdtar!I23 -> 300 | G53: =Gdtar!H38 -> 0 | H53: =Gdtar!F38 -> 0 | I53: =G53-F53 -> -300 | J53: =G53/F53% -> 0 | K53: =Gdtar!G38 -> 0
C54: BALI | J54: Jumlah | K54: =SUM(K53:K53) -> 0 | L54: =AVERAGE(J53) -> 0
A58: AREA | B58: No. | C58: NAMA TOKO | D58: No. | E58: NAMA PRODUK | F58: TARGET | G58: PENJUALAN | I58: KRG/LBH | J58: TERCAPAI | K58: J U M L A H
B59: Urut | D59: Prodak | F59: DUS/TH | G59: DUS | H59: KG / LTR | I59: KG | J59: % | K59: Rp.
A60: 5 | B60: 1 | C60: SUMBER MAKMUR | D60: 1 | E60: Dekamon 22,43 L | F60: ='Dkm Cair'!I127 -> 2000 | G60: ='Dkm Cair'!H143 -> 400 | H60: ='Dkm Cair'!F143 -> 5700 | I60: =G60-F60 -> -1600 | J60: =G60/F60% -> 20 | K60: ='Dkm Cair'!G143 -> 487618560
C61: MALANG | J61: Jumlah | K61: =SUM(K60:K60) -> 487618560 | L61: =AVERAGE(J60:J60) -> 20
A63: 5 | B63: 2 | C63: TANI SEJATI | D63: 1 | E63: GANDASIL | F63: =GDSL!J214 -> 5000 | G63: =GDSL!I227 -> 1000 | H63: =GDSL!G227 -> 12480 | I63: =G63-F63 -> -4000 | J63: =G63/F63% -> 20 | K63: =GDSL!H227 -> 1004946048
C64: MALANG | D64: 2 | E64: Dekamon 22,43 L | F64: ='Dkm Cair'!I109 -> 100 | G64: ='Dkm Cair'!H122 -> 0 | H64: ='Dkm Cair'!F122 -> 0 | I64: =G64-F64 -> -100 | J64: =G64/F64% -> 0 | K64: ='Dkm Cair'!G122 -> 0
D65: 3 | E65: Gadapan | F65: =Gdpn!I49 -> 50 | G65: =Gdpn!H56 -> 0 | H65: =Gdpn!F56 -> 0 | I65: =G65-F65 -> -50 | J65: =G65/F65% -> 0 | K65: =Gdpn!G56 -> 0
J66: Jumlah | K66: =SUM(K63:K65) -> 1004946048 | L66: =AVERAGE(J63:J65) -> 6.6666667
O67: =K61+K66 -> 1492564608
A70: JUMLAH PENJUALAN TAHUN 2025
A71: AREA | B71: No. | C71: NAMA TOKO | E71: ALAMAT | F71: PENJUALAN
A72: 1 | B72: 1 | C72: Sumber Makmur | E72: Jombang | F72: =K13 -> 1563960696
C73: Jumlah Total Area 1 | F73: =SUM(F72:G72) -> 1563960696
A75: 2 | B75: 1 | C75: Subur Makmur | E75: Ponorogo | F75: =K21 -> 1095366870
A76: 2 | B76: 2 | C76: Mahatma Agro | E76: Nganjuk | F76: =K24 -> 512702784
C77: Jumlah Total Area 2 | F77: =SUM(F75:G76) -> 1608069654
A79: 3 | B79: 1 | C79: Karisma Indo A | E79: Jember | F79: =K34 -> 9225608046
C80: Jumlah Total Area 3 | F80: =SUM(F79:G79) -> 9225608046
A82: 4 | B82: 1 | C82: Anugerah Agro M | E82: Banyuwangi | F82: =K45 -> 2279463144
A83: 4 | B83: 2 | C83: Tunas Abadi Indo A | E83: Banyuwangi | F83: =K51 -> 494193312
C84: Jumlah Total Area 4 | F84: =SUM(F82:G83) -> 2773656456
A86: 5 | B86: 1 | C86: Sumber Makmur | E86: Malang | F86: =K61 -> 487618560
A87: 5 | B87: 2 | C87: Tani Sejati | E87: Malang | F87: =K66 -> 1004946048
C88: Jumlah Total Area 5 | F88: =SUM(F86:G87) -> 1492564608
C91: Total Semua AREA | E91: =F88+F84+F80+F77+F73 -> 16663859460
